Device Timestamp,Historic Glucose (mg/dL)
01/01/2026 00:00,102.1
01/01/2026 00:10,141.9
01/01/2026 00:20,78.0
01/01/2026 00:30,92.8
01/01/2026 00:40,102.0
01/01/2026 00:50,103.0
01/01/2026 01:00,142.6
01/01/2026 01:10,98.0
01/01/2026 01:20,87.4
01/01/2026 01:30,72.6
01/01/2026 01:40,111.1
01/01/2026 01:50,136.1
01/01/2026 02:00,105.8
01/01/2026 02:10,118.5
01/01/2026 02:20,88.5
01/01/2026 02:30,110.2
01/01/2026 02:40,118.1
01/01/2026 02:50,103.3
01/01/2026 03:00,113.8
01/01/2026 03:10,120.2
01/01/2026 03:20,99.8
01/01/2026 03:30,105.9
01/01/2026 03:40,126.1
01/01/2026 03:50,145.1
01/01/2026 04:00,116.5
01/01/2026 04:10,146.4
01/01/2026 04:20,100.9
01/01/2026 04:30,122.3
01/01/2026 04:40,119.5
01/01/2026 04:50,114.3
01/01/2026 05:00,105.8
01/01/2026 05:10,137.4
01/01/2026 05:20,143.4
01/01/2026 05:30,112.9
01/01/2026 05:40,137.2
01/01/2026 05:50,169.6
01/01/2026 06:00,120.5
01/01/2026 06:10,143.5
01/01/2026 06:20,155.2
01/01/2026 06:30,133.0
01/01/2026 06:40,172.0
01/01/2026 06:50,117.1
01/01/2026 07:00,113.5
01/01/2026 07:10,165.3
01/01/2026 07:20,100.4
01/01/2026 07:30,115.7
01/01/2026 07:40,190.6
01/01/2026 07:50,160.6
01/01/2026 08:00,111.3
01/01/2026 08:10,133.8
01/01/2026 08:20,129.4
01/01/2026 08:30,141.1
01/01/2026 08:40,129.2
01/01/2026 08:50,127.0
01/01/2026 09:00,115.8
01/01/2026 09:10,111.3
01/01/2026 09:20,100.8
01/01/2026 09:30,127.6
01/01/2026 09:40,189.8
01/01/2026 09:50,121.4
01/01/2026 10:00,194.5
01/01/2026 10:10,135.6
01/01/2026 10:20,138.4
01/01/2026 10:30,149.9
01/01/2026 10:40,142.7
01/01/2026 10:50,140.0
01/01/2026 11:00,119.8
01/01/2026 11:10,137.3
01/01/2026 11:20,146.7
01/01/2026 11:30,150.9
01/01/2026 11:40,131.7
01/01/2026 11:50,133.9
01/01/2026 12:00,155.6
01/01/2026 12:10,121.9
01/01/2026 12:20,111.2
01/01/2026 12:30,123.6
01/01/2026 12:40,120.6
01/01/2026 12:50,156.5
01/01/2026 13:00,120.1
01/01/2026 13:10,138.9
01/01/2026 13:20,169.6
01/01/2026 13:30,148.2
01/01/2026 13:40,139.6
01/01/2026 13:50,131.0
01/01/2026 14:00,114.6
01/01/2026 14:10,126.4
01/01/2026 14:20,117.5
01/01/2026 14:30,160.3
01/01/2026 14:40,147.2
01/01/2026 14:50,132.3
01/01/2026 15:00,144.9
01/01/2026 15:10,117.6
01/01/2026 15:20,133.1
01/01/2026 15:30,154.4
01/01/2026 15:40,114.8
01/01/2026 15:50,120.4
01/01/2026 16:00,132.8
01/01/2026 16:10,148.0
01/01/2026 16:20,164.4
01/01/2026 16:30,127.3
01/01/2026 16:40,124.8
01/01/2026 16:50,135.7
01/01/2026 17:00,128.6
01/01/2026 17:10,120.2
01/01/2026 17:20,142.4
01/01/2026 17:30,134.2
01/01/2026 17:40,120.9
01/01/2026 17:50,169.4
01/01/2026 18:00,115.6
01/01/2026 18:10,118.9
01/01/2026 18:20,129.8
01/01/2026 18:30,141.5
01/01/2026 18:40,101.9
01/01/2026 18:50,132.0
01/01/2026 19:00,105.6
01/01/2026 19:10,150.2
01/01/2026 19:20,103.1
01/01/2026 19:30,115.0
01/01/2026 19:40,136.5
01/01/2026 19:50,100.0
01/01/2026 20:00,68.5
01/01/2026 20:10,120.4
01/01/2026 20:20,102.5
01/01/2026 20:30,119.9
01/01/2026 20:40,110.5
01/01/2026 20:50,82.2
01/01/2026 21:00,175.6
01/01/2026 21:10,123.0
01/01/2026 21:20,106.0
01/01/2026 21:30,112.2
01/01/2026 21:40,122.2
01/01/2026 21:50,119.6
01/01/2026 22:00,132.0
01/01/2026 22:10,118.5
01/01/2026 22:20,103.5
01/01/2026 22:30,163.7
01/01/2026 22:40,166.9
01/01/2026 22:50,92.1
01/01/2026 23:00,164.7
01/01/2026 23:10,156.3
01/01/2026 23:20,112.5
01/01/2026 23:30,106.2
01/01/2026 23:40,95.5
01/01/2026 23:50,102.7
01/02/2026 00:00,107.2
01/02/2026 00:10,98.3
01/02/2026 00:20,127.6
01/02/2026 00:30,93.0
01/02/2026 00:40,161.8
01/02/2026 00:50,140.8
01/02/2026 01:00,89.5
01/02/2026 01:10,95.7
01/02/2026 01:20,142.9
01/02/2026 01:30,112.6
01/02/2026 01:40,129.9
01/02/2026 01:50,84.8
01/02/2026 02:00,96.2
01/02/2026 02:10,167.4
01/02/2026 02:20,122.5
01/02/2026 02:30,117.1
01/02/2026 02:40,103.7
01/02/2026 02:50,96.2
01/02/2026 03:00,104.8
01/02/2026 03:10,122.1
01/02/2026 03:20,121.3
01/02/2026 03:30,120.4
01/02/2026 03:40,106.8
01/02/2026 03:50,118.4
01/02/2026 04:00,154.0
01/02/2026 04:10,109.6
01/02/2026 04:20,107.5
01/02/2026 04:30,70.5
01/02/2026 04:40,111.7
01/02/2026 04:50,119.2
01/02/2026 05:00,129.4
01/02/2026 05:10,135.3
01/02/2026 05:20,121.8
01/02/2026 05:30,110.8
01/02/2026 05:40,112.1
01/02/2026 05:50,137.8
01/02/2026 06:00,122.4
01/02/2026 06:10,122.1
01/02/2026 06:20,131.9
01/02/2026 06:30,109.3
01/02/2026 06:40,144.8
01/02/2026 06:50,136.4
01/02/2026 07:00,117.1
01/02/2026 07:10,134.8
01/02/2026 07:20,185.1
01/02/2026 07:30,177.9
01/02/2026 07:40,111.7
01/02/2026 07:50,132.9
01/02/2026 08:00,182.0
01/02/2026 08:10,125.9
01/02/2026 08:20,141.3
01/02/2026 08:30,155.5
01/02/2026 08:40,131.6
01/02/2026 08:50,132.8
01/02/2026 09:00,194.6
01/02/2026 09:10,184.6
01/02/2026 09:20,148.5
01/02/2026 09:30,127.7
01/02/2026 09:40,143.0
01/02/2026 09:50,114.1
01/02/2026 10:00,133.6
01/02/2026 10:10,122.0
01/02/2026 10:20,164.3
01/02/2026 10:30,118.6
01/02/2026 10:40,129.8
01/02/2026 10:50,124.8
01/02/2026 11:00,159.0
01/02/2026 11:10,149.1
01/02/2026 11:20,132.5
01/02/2026 11:30,135.7
01/02/2026 11:40,136.8
01/02/2026 11:50,138.8
01/02/2026 12:00,122.0
01/02/2026 12:10,138.2
01/02/2026 12:20,120.4
01/02/2026 12:30,168.9
01/02/2026 12:40,123.8
01/02/2026 12:50,139.2
01/02/2026 13:00,163.5
01/02/2026 13:10,169.4
01/02/2026 13:20,133.8
01/02/2026 13:30,161.4
01/02/2026 13:40,141.4
01/02/2026 13:50,150.5
01/02/2026 14:00,145.1
01/02/2026 14:10,121.1
01/02/2026 14:20,131.2
01/02/2026 14:30,203.3
01/02/2026 14:40,133.7
01/02/2026 14:50,130.5
01/02/2026 15:00,136.6
01/02/2026 15:10,122.6
01/02/2026 15:20,105.3
01/02/2026 15:30,137.3
01/02/2026 15:40,144.1
01/02/2026 15:50,110.6
01/02/2026 16:00,122.8
01/02/2026 16:10,117.6
01/02/2026 16:20,146.1
01/02/2026 16:30,143.5
01/02/2026 16:40,141.4
01/02/2026 16:50,146.8
01/02/2026 17:00,94.1
01/02/2026 17:10,117.0
01/02/2026 17:20,121.0
01/02/2026 17:30,113.5
01/02/2026 17:40,114.4
01/02/2026 17:50,110.2
01/02/2026 18:00,118.4
01/02/2026 18:10,117.8
01/02/2026 18:20,129.7
01/02/2026 18:30,108.2
01/02/2026 18:40,110.6
01/02/2026 18:50,118.4
01/02/2026 19:00,102.0
01/02/2026 19:10,130.2
01/02/2026 19:20,125.0
01/02/2026 19:30,116.8
01/02/2026 19:40,144.8
01/02/2026 19:50,120.8
01/02/2026 20:00,121.9
01/02/2026 20:10,130.8
01/02/2026 20:20,172.2
01/02/2026 20:30,196.3
01/02/2026 20:40,152.6
01/02/2026 20:50,106.2
01/02/2026 21:00,103.5
01/02/2026 21:10,95.0
01/02/2026 21:20,126.7
01/02/2026 21:30,105.4
01/02/2026 21:40,98.5
01/02/2026 21:50,93.3
01/02/2026 22:00,100.6
01/02/2026 22:10,141.5
01/02/2026 22:20,126.1
01/02/2026 22:30,155.5
01/02/2026 22:40,128.4
01/02/2026 22:50,100.4
01/02/2026 23:00,122.5
01/02/2026 23:10,120.8
01/02/2026 23:20,120.7
01/02/2026 23:30,87.5
01/02/2026 23:40,108.3
01/02/2026 23:50,141.0
01/03/2026 00:00,117.5
01/03/2026 00:10,98.6
01/03/2026 00:20,108.0
01/03/2026 00:30,113.8
01/03/2026 00:40,87.3
01/03/2026 00:50,95.4
01/03/2026 01:00,104.8
01/03/2026 01:10,111.1
01/03/2026 01:20,129.2
01/03/2026 01:30,98.2
01/03/2026 01:40,109.1
01/03/2026 01:50,124.9
01/03/2026 02:00,111.9
01/03/2026 02:10,86.5
01/03/2026 02:20,99.4
01/03/2026 02:30,99.3
01/03/2026 02:40,107.1
01/03/2026 02:50,87.9
01/03/2026 03:00,117.6
01/03/2026 03:10,156.8
01/03/2026 03:20,145.2
01/03/2026 03:30,159.9
01/03/2026 03:40,116.1
01/03/2026 03:50,104.0
01/03/2026 04:00,104.3
01/03/2026 04:10,92.3
01/03/2026 04:20,112.3
01/03/2026 04:30,158.5
01/03/2026 04:40,114.7
01/03/2026 04:50,116.7
01/03/2026 05:00,110.3
01/03/2026 05:10,112.4
01/03/2026 05:20,97.0
01/03/2026 05:30,143.7
01/03/2026 05:40,123.5
01/03/2026 05:50,96.5
01/03/2026 06:00,186.3
01/03/2026 06:10,133.7
01/03/2026 06:20,123.4
01/03/2026 06:30,111.4
01/03/2026 06:40,109.9
01/03/2026 06:50,107.9
01/03/2026 07:00,116.0
01/03/2026 07:10,116.2
01/03/2026 07:20,104.7
01/03/2026 07:30,150.0
01/03/2026 07:40,118.4
01/03/2026 07:50,124.8
01/03/2026 08:00,145.4
01/03/2026 08:10,107.1
01/03/2026 08:20,136.0
01/03/2026 08:30,101.5
01/03/2026 08:40,182.8
01/03/2026 08:50,131.2
01/03/2026 09:00,121.7
01/03/2026 09:10,126.6
01/03/2026 09:20,194.2
01/03/2026 09:30,130.8
01/03/2026 09:40,132.7
01/03/2026 09:50,124.0
01/03/2026 10:00,113.1
01/03/2026 10:10,129.9
01/03/2026 10:20,94.3
01/03/2026 10:30,148.8
01/03/2026 10:40,149.1
01/03/2026 10:50,120.3
01/03/2026 11:00,125.4
01/03/2026 11:10,178.2
01/03/2026 11:20,154.2
01/03/2026 11:30,136.4
01/03/2026 11:40,154.2
01/03/2026 11:50,157.5
01/03/2026 12:00,102.7
01/03/2026 12:10,154.2
01/03/2026 12:20,129.7
01/03/2026 12:30,136.2
01/03/2026 12:40,150.2
01/03/2026 12:50,113.0
01/03/2026 13:00,144.5
01/03/2026 13:10,140.4
01/03/2026 13:20,122.8
01/03/2026 13:30,125.6
01/03/2026 13:40,129.2
01/03/2026 13:50,180.8
01/03/2026 14:00,133.5
01/03/2026 14:10,154.1
01/03/2026 14:20,129.8
01/03/2026 14:30,138.8
01/03/2026 14:40,136.9
01/03/2026 14:50,115.9
01/03/2026 15:00,150.7
01/03/2026 15:10,137.6
01/03/2026 15:20,123.4
01/03/2026 15:30,114.5
01/03/2026 15:40,139.6
01/03/2026 15:50,186.4
01/03/2026 16:00,127.9
01/03/2026 16:10,134.1
01/03/2026 16:20,122.1
01/03/2026 16:30,160.3
01/03/2026 16:40,110.6
01/03/2026 16:50,137.4
01/03/2026 17:00,126.8
01/03/2026 17:10,136.0
01/03/2026 17:20,122.1
01/03/2026 17:30,137.1
01/03/2026 17:40,107.3
01/03/2026 17:50,119.5
01/03/2026 18:00,107.8
01/03/2026 18:10,117.1
01/03/2026 18:20,136.4
01/03/2026 18:30,108.8
01/03/2026 18:40,173.0
01/03/2026 18:50,112.0
01/03/2026 19:00,122.2
01/03/2026 19:10,114.9
01/03/2026 19:20,100.8
01/03/2026 19:30,162.2
01/03/2026 19:40,121.6
01/03/2026 19:50,152.7
01/03/2026 20:00,127.4
01/03/2026 20:10,121.7
01/03/2026 20:20,136.1
01/03/2026 20:30,110.6
01/03/2026 20:40,109.9
01/03/2026 20:50,135.1
01/03/2026 21:00,157.1
01/03/2026 21:10,84.6
01/03/2026 21:20,116.7
01/03/2026 21:30,121.3
01/03/2026 21:40,127.1
01/03/2026 21:50,104.5
01/03/2026 22:00,133.8
01/03/2026 22:10,81.8
01/03/2026 22:20,110.9
01/03/2026 22:30,124.9
01/03/2026 22:40,81.2
01/03/2026 22:50,83.7
01/03/2026 23:00,117.7
01/03/2026 23:10,101.4
01/03/2026 23:20,119.3
01/03/2026 23:30,123.8
01/03/2026 23:40,164.5
01/03/2026 23:50,124.1
01/04/2026 00:00,90.9
01/04/2026 00:10,117.8
01/04/2026 00:20,135.5
01/04/2026 00:30,106.1
01/04/2026 00:40,119.0
01/04/2026 00:50,103.2
01/04/2026 01:00,134.0
01/04/2026 01:10,102.5
01/04/2026 01:20,94.9
01/04/2026 01:30,117.0
01/04/2026 01:40,150.2
01/04/2026 01:50,115.9
01/04/2026 02:00,97.5
01/04/2026 02:10,150.0
01/04/2026 02:20,145.2
01/04/2026 02:30,128.3
01/04/2026 02:40,125.8
01/04/2026 02:50,120.9
01/04/2026 03:00,120.3
01/04/2026 03:10,128.9
01/04/2026 03:20,107.6
01/04/2026 03:30,136.6
01/04/2026 03:40,133.5
01/04/2026 03:50,96.8
01/04/2026 04:00,112.6
01/04/2026 04:10,107.1
01/04/2026 04:20,140.5
01/04/2026 04:30,151.6
01/04/2026 04:40,152.1
01/04/2026 04:50,108.2
01/04/2026 05:00,120.9
01/04/2026 05:10,137.1
01/04/2026 05:20,107.4
01/04/2026 05:30,125.9
01/04/2026 05:40,160.3
01/04/2026 05:50,110.5
01/04/2026 06:00,128.2
01/04/2026 06:10,152.2
01/04/2026 06:20,129.8
01/04/2026 06:30,129.7
01/04/2026 06:40,110.2
01/04/2026 06:50,126.4
01/04/2026 07:00,181.1
01/04/2026 07:10,130.4
01/04/2026 07:20,126.4
01/04/2026 07:30,138.0
01/04/2026 07:40,119.0
01/04/2026 07:50,115.4
01/04/2026 08:00,107.7
01/04/2026 08:10,140.6
01/04/2026 08:20,117.0
01/04/2026 08:30,184.0
01/04/2026 08:40,167.7
01/04/2026 08:50,144.4
01/04/2026 09:00,187.2
01/04/2026 09:10,125.1
01/04/2026 09:20,136.5
01/04/2026 09:30,144.8
01/04/2026 09:40,128.8
01/04/2026 09:50,125.0
01/04/2026 10:00,168.4
01/04/2026 10:10,135.4
01/04/2026 10:20,132.8
01/04/2026 10:30,186.6
01/04/2026 10:40,138.8
01/04/2026 10:50,128.7
01/04/2026 11:00,129.1
01/04/2026 11:10,120.6
01/04/2026 11:20,132.9
01/04/2026 11:30,163.8
01/04/2026 11:40,158.2
01/04/2026 11:50,138.4
01/04/2026 12:00,138.3
01/04/2026 12:10,162.5
01/04/2026 12:20,144.6
01/04/2026 12:30,174.8
01/04/2026 12:40,142.0
01/04/2026 12:50,129.9
01/04/2026 13:00,124.4
01/04/2026 13:10,150.8
01/04/2026 13:20,129.5
01/04/2026 13:30,190.5
01/04/2026 13:40,128.6
01/04/2026 13:50,141.5
01/04/2026 14:00,133.3
01/04/2026 14:10,143.5
01/04/2026 14:20,132.4
01/04/2026 14:30,144.5
01/04/2026 14:40,132.7
01/04/2026 14:50,127.0
01/04/2026 15:00,131.4
01/04/2026 15:10,152.2
01/04/2026 15:20,156.1
01/04/2026 15:30,167.1
01/04/2026 15:40,150.4
01/04/2026 15:50,168.5
01/04/2026 16:00,163.5
01/04/2026 16:10,118.0
01/04/2026 16:20,134.6
01/04/2026 16:30,205.4
01/04/2026 16:40,118.4
01/04/2026 16:50,113.7
01/04/2026 17:00,135.7
01/04/2026 17:10,123.1
01/04/2026 17:20,141.3
01/04/2026 17:30,186.6
01/04/2026 17:40,159.1
01/04/2026 17:50,113.8
01/04/2026 18:00,154.5
01/04/2026 18:10,109.2
01/04/2026 18:20,124.1
01/04/2026 18:30,117.7
01/04/2026 18:40,167.5
01/04/2026 18:50,122.0
01/04/2026 19:00,114.6
01/04/2026 19:10,105.6
01/04/2026 19:20,87.4
01/04/2026 19:30,174.1
01/04/2026 19:40,99.0
01/04/2026 19:50,94.3
01/04/2026 20:00,140.9
01/04/2026 20:10,128.5
01/04/2026 20:20,114.7
01/04/2026 20:30,153.3
01/04/2026 20:40,112.9
01/04/2026 20:50,109.7
01/04/2026 21:00,111.3
01/04/2026 21:10,104.2
01/04/2026 21:20,103.5
01/04/2026 21:30,171.7
01/04/2026 21:40,97.0
01/04/2026 21:50,103.7
01/04/2026 22:00,91.6
01/04/2026 22:10,148.1
01/04/2026 22:20,115.4
01/04/2026 22:30,113.1
01/04/2026 22:40,146.2
01/04/2026 22:50,83.1
01/04/2026 23:00,156.8
01/04/2026 23:10,82.2
01/04/2026 23:20,95.5
01/04/2026 23:30,163.9
01/04/2026 23:40,157.3
01/04/2026 23:50,153.9
01/05/2026 00:00,94.3
01/05/2026 00:10,102.5
01/05/2026 00:20,115.5
01/05/2026 00:30,145.5
01/05/2026 00:40,144.8
01/05/2026 00:50,102.8
01/05/2026 01:00,96.2
01/05/2026 01:10,146.4
01/05/2026 01:20,122.4
01/05/2026 01:30,100.1
01/05/2026 01:40,121.5
01/05/2026 01:50,94.0
01/05/2026 02:00,159.6
01/05/2026 02:10,143.1
01/05/2026 02:20,117.1
01/05/2026 02:30,104.3
01/05/2026 02:40,110.8
01/05/2026 02:50,105.9
01/05/2026 03:00,108.7
01/05/2026 03:10,120.0
01/05/2026 03:20,122.1
01/05/2026 03:30,136.1
01/05/2026 03:40,105.3
01/05/2026 03:50,156.1
01/05/2026 04:00,178.8
01/05/2026 04:10,112.2
01/05/2026 04:20,112.5
01/05/2026 04:30,134.8
01/05/2026 04:40,111.7
01/05/2026 04:50,110.4
01/05/2026 05:00,112.9
01/05/2026 05:10,118.7
01/05/2026 05:20,108.3
01/05/2026 05:30,102.7
01/05/2026 05:40,147.5
01/05/2026 05:50,83.1
01/05/2026 06:00,104.7
01/05/2026 06:10,82.2
01/05/2026 06:20,129.9
01/05/2026 06:30,100.1
01/05/2026 06:40,119.5
01/05/2026 06:50,137.5
01/05/2026 07:00,165.1
01/05/2026 07:10,109.6
01/05/2026 07:20,168.1
01/05/2026 07:30,168.6
01/05/2026 07:40,157.5
01/05/2026 07:50,145.4
01/05/2026 08:00,128.4
01/05/2026 08:10,152.4
01/05/2026 08:20,121.1
01/05/2026 08:30,125.3
01/05/2026 08:40,127.8
01/05/2026 08:50,128.3
01/05/2026 09:00,124.0
01/05/2026 09:10,135.2
01/05/2026 09:20,108.7
01/05/2026 09:30,114.4
01/05/2026 09:40,139.7
01/05/2026 09:50,136.1
01/05/2026 10:00,195.1
01/05/2026 10:10,129.8
01/05/2026 10:20,112.1
01/05/2026 10:30,130.8
01/05/2026 10:40,138.1
01/05/2026 10:50,123.4
01/05/2026 11:00,127.1
01/05/2026 11:10,112.3
01/05/2026 11:20,112.9
01/05/2026 11:30,145.5
01/05/2026 11:40,118.3
01/05/2026 11:50,175.2
01/05/2026 12:00,136.1
01/05/2026 12:10,150.0
01/05/2026 12:20,131.7
01/05/2026 12:30,97.1
01/05/2026 12:40,169.7
01/05/2026 12:50,164.7
01/05/2026 13:00,130.7
01/05/2026 13:10,155.9
01/05/2026 13:20,126.2
01/05/2026 13:30,108.2
01/05/2026 13:40,123.1
01/05/2026 13:50,133.5
01/05/2026 14:00,124.0
01/05/2026 14:10,194.0
01/05/2026 14:20,135.7
01/05/2026 14:30,131.4
01/05/2026 14:40,148.4
01/05/2026 14:50,126.9
01/05/2026 15:00,132.9
01/05/2026 15:10,144.6
01/05/2026 15:20,111.6
01/05/2026 15:30,122.2
01/05/2026 15:40,106.2
01/05/2026 15:50,165.6
01/05/2026 16:00,149.3
01/05/2026 16:10,143.9
01/05/2026 16:20,169.9
01/05/2026 16:30,173.4
01/05/2026 16:40,138.4
01/05/2026 16:50,126.1
01/05/2026 17:00,139.2
01/05/2026 17:10,122.9
01/05/2026 17:20,124.8
01/05/2026 17:30,116.2
01/05/2026 17:40,175.5
01/05/2026 17:50,133.4
01/05/2026 18:00,144.3
01/05/2026 18:10,104.9
01/05/2026 18:20,161.3
01/05/2026 18:30,121.3
01/05/2026 18:40,118.4
01/05/2026 18:50,141.7
01/05/2026 19:00,132.4
01/05/2026 19:10,83.9
01/05/2026 19:20,115.6
01/05/2026 19:30,159.1
01/05/2026 19:40,115.1
01/05/2026 19:50,110.8
01/05/2026 20:00,114.3
01/05/2026 20:10,111.4
01/05/2026 20:20,109.9
01/05/2026 20:30,117.7
01/05/2026 20:40,139.3
01/05/2026 20:50,62.3
01/05/2026 21:00,97.3
01/05/2026 21:10,148.9
01/05/2026 21:20,111.4
01/05/2026 21:30,93.8
01/05/2026 21:40,121.9
01/05/2026 21:50,96.6
01/05/2026 22:00,109.8
01/05/2026 22:10,131.7
01/05/2026 22:20,100.9
01/05/2026 22:30,80.8
01/05/2026 22:40,142.2
01/05/2026 22:50,122.5
01/05/2026 23:00,97.9
01/05/2026 23:10,106.9
01/05/2026 23:20,111.3
01/05/2026 23:30,76.7
01/05/2026 23:40,114.4
01/05/2026 23:50,119.5
01/06/2026 00:00,125.1
01/06/2026 00:10,104.1
01/06/2026 00:20,146.2
01/06/2026 00:30,96.3
01/06/2026 00:40,97.6
01/06/2026 00:50,149.7
01/06/2026 01:00,143.2
01/06/2026 01:10,69.2
01/06/2026 01:20,107.2
01/06/2026 01:30,115.9
01/06/2026 01:40,111.0
01/06/2026 01:50,97.5
01/06/2026 02:00,129.3
01/06/2026 02:10,83.3
01/06/2026 02:20,159.4
01/06/2026 02:30,95.2
01/06/2026 02:40,138.3
01/06/2026 02:50,97.4
01/06/2026 03:00,123.6
01/06/2026 03:10,198.0
01/06/2026 03:20,137.9
01/06/2026 03:30,105.7
01/06/2026 03:40,121.1
01/06/2026 03:50,102.4
01/06/2026 04:00,119.2
01/06/2026 04:10,101.7
01/06/2026 04:20,114.4
01/06/2026 04:30,121.4
01/06/2026 04:40,124.5
01/06/2026 04:50,140.0
01/06/2026 05:00,113.8
01/06/2026 05:10,137.9
01/06/2026 05:20,111.2
01/06/2026 05:30,120.5
01/06/2026 05:40,94.8
01/06/2026 05:50,144.8
01/06/2026 06:00,118.3
01/06/2026 06:10,119.3
01/06/2026 06:20,130.6
01/06/2026 06:30,117.0
01/06/2026 06:40,109.9
01/06/2026 06:50,100.0
01/06/2026 07:00,152.6
01/06/2026 07:10,127.6
01/06/2026 07:20,154.2
01/06/2026 07:30,140.2
01/06/2026 07:40,164.1
01/06/2026 07:50,125.8
01/06/2026 08:00,146.9
01/06/2026 08:10,114.1
01/06/2026 08:20,178.7
01/06/2026 08:30,125.8
01/06/2026 08:40,167.8
01/06/2026 08:50,142.3
01/06/2026 09:00,132.5
01/06/2026 09:10,147.6
01/06/2026 09:20,142.7
01/06/2026 09:30,143.4
01/06/2026 09:40,151.6
01/06/2026 09:50,161.7
01/06/2026 10:00,122.2
01/06/2026 10:10,193.7
01/06/2026 10:20,152.9
01/06/2026 10:30,143.6
01/06/2026 10:40,141.7
01/06/2026 10:50,156.8
01/06/2026 11:00,173.2
01/06/2026 11:10,143.1
01/06/2026 11:20,141.7
01/06/2026 11:30,118.4
01/06/2026 11:40,142.1
01/06/2026 11:50,139.3
01/06/2026 12:00,160.4
01/06/2026 12:10,133.1
01/06/2026 12:20,159.5
01/06/2026 12:30,127.2
01/06/2026 12:40,133.5
01/06/2026 12:50,186.1
01/06/2026 13:00,124.7
01/06/2026 13:10,151.1
01/06/2026 13:20,147.9
01/06/2026 13:30,137.2
01/06/2026 13:40,151.1
01/06/2026 13:50,149.0
01/06/2026 14:00,156.9
01/06/2026 14:10,112.3
01/06/2026 14:20,128.3
01/06/2026 14:30,123.5
01/06/2026 14:40,162.4
01/06/2026 14:50,126.1
01/06/2026 15:00,126.3
01/06/2026 15:10,138.8
01/06/2026 15:20,122.5
01/06/2026 15:30,125.1
01/06/2026 15:40,139.8
01/06/2026 15:50,160.5
01/06/2026 16:00,113.6
01/06/2026 16:10,118.0
01/06/2026 16:20,117.1
01/06/2026 16:30,144.8
01/06/2026 16:40,130.0
01/06/2026 16:50,114.9
01/06/2026 17:00,129.0
01/06/2026 17:10,129.8
01/06/2026 17:20,178.8
01/06/2026 17:30,112.1
01/06/2026 17:40,103.1
01/06/2026 17:50,114.9
01/06/2026 18:00,108.4
01/06/2026 18:10,137.0
01/06/2026 18:20,106.8
01/06/2026 18:30,104.1
01/06/2026 18:40,152.6
01/06/2026 18:50,129.6
01/06/2026 19:00,117.4
01/06/2026 19:10,94.3
01/06/2026 19:20,161.2
01/06/2026 19:30,154.3
01/06/2026 19:40,118.6
01/06/2026 19:50,113.1
01/06/2026 20:00,146.7
01/06/2026 20:10,114.4
01/06/2026 20:20,128.2
01/06/2026 20:30,132.0
01/06/2026 20:40,119.6
01/06/2026 20:50,119.7
01/06/2026 21:00,124.4
01/06/2026 21:10,101.9
01/06/2026 21:20,93.2
01/06/2026 21:30,111.9
01/06/2026 21:40,87.7
01/06/2026 21:50,145.9
01/06/2026 22:00,126.3
01/06/2026 22:10,85.1
01/06/2026 22:20,118.4
01/06/2026 22:30,104.1
01/06/2026 22:40,148.7
01/06/2026 22:50,115.8
01/06/2026 23:00,99.5
01/06/2026 23:10,120.6
01/06/2026 23:20,89.6
01/06/2026 23:30,105.9
01/06/2026 23:40,98.3
01/06/2026 23:50,84.9
01/07/2026 00:00,131.6
01/07/2026 00:10,115.5
01/07/2026 00:20,92.0
01/07/2026 00:30,110.4
01/07/2026 00:40,117.1
01/07/2026 00:50,105.3
01/07/2026 01:00,158.1
01/07/2026 01:10,145.0
01/07/2026 01:20,98.6
01/07/2026 01:30,98.0
01/07/2026 01:40,147.4
01/07/2026 01:50,102.0
01/07/2026 02:00,91.9
01/07/2026 02:10,120.0
01/07/2026 02:20,121.0
01/07/2026 02:30,103.1
01/07/2026 02:40,102.6
01/07/2026 02:50,111.6
01/07/2026 03:00,125.2
01/07/2026 03:10,115.4
01/07/2026 03:20,125.3
01/07/2026 03:30,116.9
01/07/2026 03:40,101.0
01/07/2026 03:50,170.7
01/07/2026 04:00,114.9
01/07/2026 04:10,112.3
01/07/2026 04:20,85.2
01/07/2026 04:30,123.8
01/07/2026 04:40,100.1
01/07/2026 04:50,112.7
01/07/2026 05:00,130.3
01/07/2026 05:10,110.1
01/07/2026 05:20,138.3
01/07/2026 05:30,127.5
01/07/2026 05:40,158.8
01/07/2026 05:50,112.0
01/07/2026 06:00,106.1
01/07/2026 06:10,111.5
01/07/2026 06:20,151.6
01/07/2026 06:30,136.3
01/07/2026 06:40,103.3
01/07/2026 06:50,98.0
01/07/2026 07:00,114.3
01/07/2026 07:10,130.9
01/07/2026 07:20,125.0
01/07/2026 07:30,109.5
01/07/2026 07:40,134.7
01/07/2026 07:50,120.7
01/07/2026 08:00,111.3
01/07/2026 08:10,133.2
01/07/2026 08:20,176.6
01/07/2026 08:30,126.7
01/07/2026 08:40,111.1
01/07/2026 08:50,183.0
01/07/2026 09:00,113.1
01/07/2026 09:10,142.9
01/07/2026 09:20,139.0
01/07/2026 09:30,156.4
01/07/2026 09:40,141.2
01/07/2026 09:50,132.8
01/07/2026 10:00,102.9
01/07/2026 10:10,124.2
01/07/2026 10:20,166.2
01/07/2026 10:30,145.3
01/07/2026 10:40,198.5
01/07/2026 10:50,170.7
01/07/2026 11:00,179.1
01/07/2026 11:10,162.4
01/07/2026 11:20,178.5
01/07/2026 11:30,131.7
01/07/2026 11:40,124.6
01/07/2026 11:50,180.3
01/07/2026 12:00,144.8
01/07/2026 12:10,173.1
01/07/2026 12:20,139.0
01/07/2026 12:30,136.4
01/07/2026 12:40,133.5
01/07/2026 12:50,117.8
01/07/2026 13:00,109.6
01/07/2026 13:10,146.6
01/07/2026 13:20,156.2
01/07/2026 13:30,159.7
01/07/2026 13:40,171.0
01/07/2026 13:50,129.1
01/07/2026 14:00,134.1
01/07/2026 14:10,161.5
01/07/2026 14:20,133.6
01/07/2026 14:30,197.6
01/07/2026 14:40,150.3
01/07/2026 14:50,154.0
01/07/2026 15:00,140.7
01/07/2026 15:10,147.2
01/07/2026 15:20,160.4
01/07/2026 15:30,113.5
01/07/2026 15:40,134.2
01/07/2026 15:50,140.6
01/07/2026 16:00,138.3
01/07/2026 16:10,126.8
01/07/2026 16:20,178.8
01/07/2026 16:30,127.1
01/07/2026 16:40,167.5
01/07/2026 16:50,137.6
01/07/2026 17:00,123.4
01/07/2026 17:10,127.1
01/07/2026 17:20,97.2
01/07/2026 17:30,125.2
01/07/2026 17:40,140.3
01/07/2026 17:50,165.2
01/07/2026 18:00,178.3
01/07/2026 18:10,143.5
01/07/2026 18:20,128.0
01/07/2026 18:30,85.8
01/07/2026 18:40,130.1
01/07/2026 18:50,150.2
01/07/2026 19:00,98.7
01/07/2026 19:10,108.5
01/07/2026 19:20,109.5
01/07/2026 19:30,160.1
01/07/2026 19:40,99.6
01/07/2026 19:50,117.9
01/07/2026 20:00,117.1
01/07/2026 20:10,117.1
01/07/2026 20:20,107.4
01/07/2026 20:30,106.6
01/07/2026 20:40,125.4
01/07/2026 20:50,144.1
01/07/2026 21:00,117.2
01/07/2026 21:10,93.7
01/07/2026 21:20,125.1
01/07/2026 21:30,141.0
01/07/2026 21:40,112.4
01/07/2026 21:50,168.6
01/07/2026 22:00,74.0
01/07/2026 22:10,158.4
01/07/2026 22:20,95.8
01/07/2026 22:30,92.7
01/07/2026 22:40,120.0
01/07/2026 22:50,99.5
01/07/2026 23:00,96.8
01/07/2026 23:10,116.8
01/07/2026 23:20,96.6
01/07/2026 23:30,114.6
01/07/2026 23:40,104.7
01/07/2026 23:50,97.4
01/08/2026 00:00,111.4
01/08/2026 00:10,101.4
01/08/2026 00:20,111.0
01/08/2026 00:30,115.1
01/08/2026 00:40,112.2
01/08/2026 00:50,165.6
01/08/2026 01:00,93.3
01/08/2026 01:10,108.4
01/08/2026 01:20,100.4
01/08/2026 01:30,102.4
01/08/2026 01:40,120.0
01/08/2026 01:50,92.8
01/08/2026 02:00,169.1
01/08/2026 02:10,106.9
01/08/2026 02:20,150.7
01/08/2026 02:30,118.0
01/08/2026 02:40,106.8
01/08/2026 02:50,107.7
01/08/2026 03:00,127.8
01/08/2026 03:10,130.9
01/08/2026 03:20,108.7
01/08/2026 03:30,105.7
01/08/2026 03:40,90.8
01/08/2026 03:50,151.8
01/08/2026 04:00,116.3
01/08/2026 04:10,120.7
01/08/2026 04:20,120.1
01/08/2026 04:30,170.6
01/08/2026 04:40,122.7
01/08/2026 04:50,138.4
01/08/2026 05:00,133.8
01/08/2026 05:10,143.0
01/08/2026 05:20,129.8
01/08/2026 05:30,97.0
01/08/2026 05:40,123.1
01/08/2026 05:50,141.8
01/08/2026 06:00,159.8
01/08/2026 06:10,171.5
01/08/2026 06:20,113.9
01/08/2026 06:30,105.1
01/08/2026 06:40,106.7
01/08/2026 06:50,179.1
01/08/2026 07:00,117.1
01/08/2026 07:10,132.2
01/08/2026 07:20,170.4
01/08/2026 07:30,170.0
01/08/2026 07:40,130.1
01/08/2026 07:50,131.7
01/08/2026 08:00,118.0
01/08/2026 08:10,122.2
01/08/2026 08:20,129.7
01/08/2026 08:30,153.9
01/08/2026 08:40,146.7
01/08/2026 08:50,155.5
01/08/2026 09:00,143.0
01/08/2026 09:10,122.3
01/08/2026 09:20,111.8
01/08/2026 09:30,115.1
01/08/2026 09:40,130.6
01/08/2026 09:50,179.0
01/08/2026 10:00,143.0
01/08/2026 10:10,121.5
01/08/2026 10:20,175.9
01/08/2026 10:30,191.5
01/08/2026 10:40,126.7
01/08/2026 10:50,116.2
01/08/2026 11:00,131.7
01/08/2026 11:10,139.0
01/08/2026 11:20,177.7
01/08/2026 11:30,127.0
01/08/2026 11:40,130.5
01/08/2026 11:50,123.8
01/08/2026 12:00,145.7
01/08/2026 12:10,149.6
01/08/2026 12:20,138.4
01/08/2026 12:30,154.6
01/08/2026 12:40,132.2
01/08/2026 12:50,140.0
01/08/2026 13:00,125.3
01/08/2026 13:10,119.2
01/08/2026 13:20,138.9
01/08/2026 13:30,133.1
01/08/2026 13:40,143.1
01/08/2026 13:50,127.0
01/08/2026 14:00,132.7
01/08/2026 14:10,181.4
01/08/2026 14:20,173.7
01/08/2026 14:30,160.6
01/08/2026 14:40,144.8
01/08/2026 14:50,128.5
01/08/2026 15:00,127.7
01/08/2026 15:10,148.8
01/08/2026 15:20,110.2
01/08/2026 15:30,131.1
01/08/2026 15:40,174.1
01/08/2026 15:50,134.0
01/08/2026 16:00,126.2
01/08/2026 16:10,173.8
01/08/2026 16:20,124.5
01/08/2026 16:30,143.9
01/08/2026 16:40,154.5
01/08/2026 16:50,144.4
01/08/2026 17:00,168.9
01/08/2026 17:10,130.6
01/08/2026 17:20,116.5
01/08/2026 17:30,117.8
01/08/2026 17:40,108.4
01/08/2026 17:50,164.9
01/08/2026 18:00,121.5
01/08/2026 18:10,127.0
01/08/2026 18:20,125.7
01/08/2026 18:30,109.8
01/08/2026 18:40,181.0
01/08/2026 18:50,113.9
01/08/2026 19:00,170.2
01/08/2026 19:10,109.5
01/08/2026 19:20,126.1
01/08/2026 19:30,108.9
01/08/2026 19:40,111.5
01/08/2026 19:50,157.4
01/08/2026 20:00,87.7
01/08/2026 20:10,113.7
01/08/2026 20:20,146.8
01/08/2026 20:30,118.1
01/08/2026 20:40,117.0
01/08/2026 20:50,117.9
01/08/2026 21:00,105.6
01/08/2026 21:10,123.7
01/08/2026 21:20,112.1
01/08/2026 21:30,89.9
01/08/2026 21:40,165.3
01/08/2026 21:50,115.6
01/08/2026 22:00,101.5
01/08/2026 22:10,116.2
01/08/2026 22:20,105.0
01/08/2026 22:30,125.4
01/08/2026 22:40,128.0
01/08/2026 22:50,108.5
01/08/2026 23:00,107.8
01/08/2026 23:10,78.8
01/08/2026 23:20,115.9
01/08/2026 23:30,82.7
01/08/2026 23:40,148.7
01/08/2026 23:50,110.0
01/09/2026 00:00,106.8
01/09/2026 00:10,99.6
01/09/2026 00:20,118.9
01/09/2026 00:30,115.7
01/09/2026 00:40,125.5
01/09/2026 00:50,145.2
01/09/2026 01:00,109.4
01/09/2026 01:10,118.9
01/09/2026 01:20,104.4
01/09/2026 01:30,76.4
01/09/2026 01:40,152.0
01/09/2026 01:50,147.9
01/09/2026 02:00,111.2
01/09/2026 02:10,113.1
01/09/2026 02:20,132.5
01/09/2026 02:30,108.9
01/09/2026 02:40,85.0
01/09/2026 02:50,109.5
01/09/2026 03:00,151.3
01/09/2026 03:10,102.8
01/09/2026 03:20,124.5
01/09/2026 03:30,104.0
01/09/2026 03:40,106.5
01/09/2026 03:50,106.5
01/09/2026 04:00,129.1
01/09/2026 04:10,156.6
01/09/2026 04:20,111.5
01/09/2026 04:30,128.4
01/09/2026 04:40,132.3
01/09/2026 04:50,102.8
01/09/2026 05:00,121.1
01/09/2026 05:10,129.1
01/09/2026 05:20,109.0
01/09/2026 05:30,119.6
01/09/2026 05:40,109.6
01/09/2026 05:50,119.7
01/09/2026 06:00,126.0
01/09/2026 06:10,133.3
01/09/2026 06:20,151.2
01/09/2026 06:30,121.2
01/09/2026 06:40,121.5
01/09/2026 06:50,122.6
01/09/2026 07:00,148.9
01/09/2026 07:10,120.4
01/09/2026 07:20,117.3
01/09/2026 07:30,129.0
01/09/2026 07:40,124.2
01/09/2026 07:50,141.4
01/09/2026 08:00,93.2
01/09/2026 08:10,150.8
01/09/2026 08:20,123.1
01/09/2026 08:30,117.3
01/09/2026 08:40,173.4
01/09/2026 08:50,127.6
01/09/2026 09:00,121.3
01/09/2026 09:10,150.1
01/09/2026 09:20,130.9
01/09/2026 09:30,143.7
01/09/2026 09:40,123.6
01/09/2026 09:50,187.1
01/09/2026 10:00,149.9
01/09/2026 10:10,121.2
01/09/2026 10:20,128.7
01/09/2026 10:30,105.1
01/09/2026 10:40,172.4
01/09/2026 10:50,137.9
01/09/2026 11:00,145.6
01/09/2026 11:10,143.1
01/09/2026 11:20,117.2
01/09/2026 11:30,199.5
01/09/2026 11:40,127.4
01/09/2026 11:50,130.3
01/09/2026 12:00,140.8
01/09/2026 12:10,156.1
01/09/2026 12:20,125.8
01/09/2026 12:30,132.8
01/09/2026 12:40,137.3
01/09/2026 12:50,124.5
01/09/2026 13:00,198.1
01/09/2026 13:10,110.3
01/09/2026 13:20,133.0
01/09/2026 13:30,118.8
01/09/2026 13:40,131.9
01/09/2026 13:50,153.5
01/09/2026 14:00,150.2
01/09/2026 14:10,119.0
01/09/2026 14:20,120.2
01/09/2026 14:30,124.3
01/09/2026 14:40,124.4
01/09/2026 14:50,144.8
01/09/2026 15:00,122.5
01/09/2026 15:10,131.6
01/09/2026 15:20,129.6
01/09/2026 15:30,122.4
01/09/2026 15:40,183.5
01/09/2026 15:50,103.6
01/09/2026 16:00,148.3
01/09/2026 16:10,150.4
01/09/2026 16:20,164.7
01/09/2026 16:30,133.4
01/09/2026 16:40,129.3
01/09/2026 16:50,182.6
01/09/2026 17:00,179.2
01/09/2026 17:10,124.3
01/09/2026 17:20,146.9
01/09/2026 17:30,140.2
01/09/2026 17:40,119.6
01/09/2026 17:50,117.2
01/09/2026 18:00,119.8
01/09/2026 18:10,118.8
01/09/2026 18:20,162.8
01/09/2026 18:30,91.9
01/09/2026 18:40,112.4
01/09/2026 18:50,122.5
01/09/2026 19:00,128.6
01/09/2026 19:10,149.9
01/09/2026 19:20,166.2
01/09/2026 19:30,176.8
01/09/2026 19:40,116.3
01/09/2026 19:50,151.2
01/09/2026 20:00,123.9
01/09/2026 20:10,111.6
01/09/2026 20:20,116.9
01/09/2026 20:30,114.2
01/09/2026 20:40,144.9
01/09/2026 20:50,97.1
01/09/2026 21:00,87.5
01/09/2026 21:10,120.1
01/09/2026 21:20,149.5
01/09/2026 21:30,128.4
01/09/2026 21:40,103.2
01/09/2026 21:50,112.6
01/09/2026 22:00,136.3
01/09/2026 22:10,124.0
01/09/2026 22:20,91.6
01/09/2026 22:30,99.1
01/09/2026 22:40,94.1
01/09/2026 22:50,79.0
01/09/2026 23:00,101.3
01/09/2026 23:10,100.0
01/09/2026 23:20,88.4
01/09/2026 23:30,95.4
01/09/2026 23:40,88.8
01/09/2026 23:50,148.1
01/10/2026 00:00,105.6
01/10/2026 00:10,102.4
01/10/2026 00:20,105.6
01/10/2026 00:30,108.2
01/10/2026 00:40,106.7
01/10/2026 00:50,149.7
01/10/2026 01:00,87.7
01/10/2026 01:10,110.7
01/10/2026 01:20,131.7
01/10/2026 01:30,138.8
01/10/2026 01:40,99.1
01/10/2026 01:50,113.4
01/10/2026 02:00,98.3
01/10/2026 02:10,182.0
01/10/2026 02:20,158.4
01/10/2026 02:30,111.8
01/10/2026 02:40,123.1
01/10/2026 02:50,125.0
01/10/2026 03:00,94.6
01/10/2026 03:10,83.0
01/10/2026 03:20,125.5
01/10/2026 03:30,142.4
01/10/2026 03:40,135.3
01/10/2026 03:50,115.0
01/10/2026 04:00,125.0
01/10/2026 04:10,140.7
01/10/2026 04:20,98.8
01/10/2026 04:30,138.8
01/10/2026 04:40,104.0
01/10/2026 04:50,108.9
01/10/2026 05:00,113.6
01/10/2026 05:10,160.2
01/10/2026 05:20,156.6
01/10/2026 05:30,124.6
01/10/2026 05:40,128.1
01/10/2026 05:50,128.1
01/10/2026 06:00,114.4
01/10/2026 06:10,118.3
01/10/2026 06:20,168.7
01/10/2026 06:30,106.4
01/10/2026 06:40,174.4
01/10/2026 06:50,101.0
01/10/2026 07:00,100.9
01/10/2026 07:10,130.5
01/10/2026 07:20,126.9
01/10/2026 07:30,132.4
01/10/2026 07:40,114.7
01/10/2026 07:50,109.8
01/10/2026 08:00,132.6
01/10/2026 08:10,125.4
01/10/2026 08:20,128.0
01/10/2026 08:30,121.5
01/10/2026 08:40,114.9
01/10/2026 08:50,201.1
01/10/2026 09:00,129.4
01/10/2026 09:10,123.9
01/10/2026 09:20,185.2
01/10/2026 09:30,153.6
01/10/2026 09:40,132.3
01/10/2026 09:50,187.3
01/10/2026 10:00,108.9
01/10/2026 10:10,145.2
01/10/2026 10:20,129.0
01/10/2026 10:30,198.5
01/10/2026 10:40,135.2
01/10/2026 10:50,190.8
01/10/2026 11:00,156.6
01/10/2026 11:10,123.6
01/10/2026 11:20,120.7
01/10/2026 11:30,173.6
01/10/2026 11:40,147.1
01/10/2026 11:50,110.9
01/10/2026 12:00,185.7
01/10/2026 12:10,132.0
01/10/2026 12:20,124.4
01/10/2026 12:30,131.9
01/10/2026 12:40,145.2
01/10/2026 12:50,157.6
01/10/2026 13:00,180.5
01/10/2026 13:10,121.8
01/10/2026 13:20,135.2
01/10/2026 13:30,138.3
01/10/2026 13:40,125.4
01/10/2026 13:50,163.3
01/10/2026 14:00,116.5
01/10/2026 14:10,132.1
01/10/2026 14:20,132.7
01/10/2026 14:30,132.7
01/10/2026 14:40,109.6
01/10/2026 14:50,154.2
01/10/2026 15:00,168.6
01/10/2026 15:10,125.6
01/10/2026 15:20,128.5
01/10/2026 15:30,114.9
01/10/2026 15:40,121.8
01/10/2026 15:50,176.2
01/10/2026 16:00,164.3
01/10/2026 16:10,144.8
01/10/2026 16:20,134.6
01/10/2026 16:30,137.0
01/10/2026 16:40,138.8
01/10/2026 16:50,140.6
01/10/2026 17:00,127.7
01/10/2026 17:10,138.1
01/10/2026 17:20,180.1
01/10/2026 17:30,91.5
01/10/2026 17:40,112.9
01/10/2026 17:50,185.9
01/10/2026 18:00,78.9
01/10/2026 18:10,102.8
01/10/2026 18:20,121.9
01/10/2026 18:30,113.7
01/10/2026 18:40,110.6
01/10/2026 18:50,130.3
01/10/2026 19:00,130.8
01/10/2026 19:10,123.5
01/10/2026 19:20,125.7
01/10/2026 19:30,140.7
01/10/2026 19:40,116.2
01/10/2026 19:50,98.2
01/10/2026 20:00,138.7
01/10/2026 20:10,111.7
01/10/2026 20:20,139.6
01/10/2026 20:30,162.7
01/10/2026 20:40,101.6
01/10/2026 20:50,92.8
01/10/2026 21:00,117.1
01/10/2026 21:10,160.8
01/10/2026 21:20,115.1
01/10/2026 21:30,106.7
01/10/2026 21:40,118.1
01/10/2026 21:50,112.6
01/10/2026 22:00,124.3
01/10/2026 22:10,112.3
01/10/2026 22:20,169.3
01/10/2026 22:30,102.7
01/10/2026 22:40,96.9
01/10/2026 22:50,95.2
01/10/2026 23:00,93.7
01/10/2026 23:10,101.0
01/10/2026 23:20,96.3
01/10/2026 23:30,141.5
01/10/2026 23:40,106.7
01/10/2026 23:50,88.3
01/11/2026 00:00,115.3
01/11/2026 00:10,101.2
01/11/2026 00:20,112.1
01/11/2026 00:30,92.8
01/11/2026 00:40,113.8
01/11/2026 00:50,104.9
01/11/2026 01:00,162.2
01/11/2026 01:10,145.5
01/11/2026 01:20,93.6
01/11/2026 01:30,107.5
01/11/2026 01:40,119.3
01/11/2026 01:50,108.5
01/11/2026 02:00,115.8
01/11/2026 02:10,116.8
01/11/2026 02:20,128.1
01/11/2026 02:30,87.3
01/11/2026 02:40,142.0
01/11/2026 02:50,97.5
01/11/2026 03:00,159.4
01/11/2026 03:10,119.3
01/11/2026 03:20,119.6
01/11/2026 03:30,149.4
01/11/2026 03:40,114.5
01/11/2026 03:50,136.8
01/11/2026 04:00,162.5
01/11/2026 04:10,107.4
01/11/2026 04:20,95.7
01/11/2026 04:30,177.7
01/11/2026 04:40,182.6
01/11/2026 04:50,121.0
01/11/2026 05:00,129.1
01/11/2026 05:10,121.9
01/11/2026 05:20,144.2
01/11/2026 05:30,120.7
01/11/2026 05:40,110.4
01/11/2026 05:50,145.0
01/11/2026 06:00,155.4
01/11/2026 06:10,105.4
01/11/2026 06:20,153.1
01/11/2026 06:30,132.0
01/11/2026 06:40,118.6
01/11/2026 06:50,107.8
01/11/2026 07:00,176.8
01/11/2026 07:10,169.7
01/11/2026 07:20,140.7
01/11/2026 07:30,139.6
01/11/2026 07:40,130.7
01/11/2026 07:50,109.0
01/11/2026 08:00,155.0
01/11/2026 08:10,170.9
01/11/2026 08:20,136.0
01/11/2026 08:30,167.3
01/11/2026 08:40,118.1
01/11/2026 08:50,115.0
01/11/2026 09:00,167.1
01/11/2026 09:10,119.4
01/11/2026 09:20,139.2
01/11/2026 09:30,128.6
01/11/2026 09:40,123.0
01/11/2026 09:50,144.5
01/11/2026 10:00,129.7
01/11/2026 10:10,142.9
01/11/2026 10:20,160.3
01/11/2026 10:30,143.0
01/11/2026 10:40,132.1
01/11/2026 10:50,110.2
01/11/2026 11:00,133.1
01/11/2026 11:10,140.8
01/11/2026 11:20,167.6
01/11/2026 11:30,134.5
01/11/2026 11:40,119.1
01/11/2026 11:50,138.8
01/11/2026 12:00,132.0
01/11/2026 12:10,132.1
01/11/2026 12:20,114.2
01/11/2026 12:30,150.0
01/11/2026 12:40,176.9
01/11/2026 12:50,132.1
01/11/2026 13:00,170.3
01/11/2026 13:10,149.1
01/11/2026 13:20,112.2
01/11/2026 13:30,124.7
01/11/2026 13:40,159.1
01/11/2026 13:50,130.4
01/11/2026 14:00,127.6
01/11/2026 14:10,120.4
01/11/2026 14:20,122.8
01/11/2026 14:30,136.3
01/11/2026 14:40,122.9
01/11/2026 14:50,125.9
01/11/2026 15:00,133.7
01/11/2026 15:10,140.1
01/11/2026 15:20,131.2
01/11/2026 15:30,129.6
01/11/2026 15:40,134.1
01/11/2026 15:50,167.6
01/11/2026 16:00,121.6
01/11/2026 16:10,125.5
01/11/2026 16:20,135.8
01/11/2026 16:30,148.1
01/11/2026 16:40,149.5
01/11/2026 16:50,125.8
01/11/2026 17:00,149.8
01/11/2026 17:10,131.0
01/11/2026 17:20,108.3
01/11/2026 17:30,119.7
01/11/2026 17:40,132.1
01/11/2026 17:50,117.1
01/11/2026 18:00,119.3
01/11/2026 18:10,117.2
01/11/2026 18:20,139.3
01/11/2026 18:30,122.8
01/11/2026 18:40,111.2
01/11/2026 18:50,174.8
01/11/2026 19:00,117.5
01/11/2026 19:10,129.9
01/11/2026 19:20,154.5
01/11/2026 19:30,106.3
01/11/2026 19:40,166.8
01/11/2026 19:50,139.5
01/11/2026 20:00,114.0
01/11/2026 20:10,101.1
01/11/2026 20:20,129.1
01/11/2026 20:30,112.3
01/11/2026 20:40,107.1
01/11/2026 20:50,152.9
01/11/2026 21:00,96.5
01/11/2026 21:10,108.7
01/11/2026 21:20,151.8
01/11/2026 21:30,113.1
01/11/2026 21:40,89.3
01/11/2026 21:50,105.7
01/11/2026 22:00,129.2
01/11/2026 22:10,103.7
01/11/2026 22:20,128.2
01/11/2026 22:30,102.0
01/11/2026 22:40,157.5
01/11/2026 22:50,100.8
01/11/2026 23:00,102.8
01/11/2026 23:10,147.5
01/11/2026 23:20,113.9
01/11/2026 23:30,93.0
01/11/2026 23:40,117.7
01/11/2026 23:50,124.3
01/12/2026 00:00,151.6
01/12/2026 00:10,109.4
01/12/2026 00:20,91.6
01/12/2026 00:30,116.8
01/12/2026 00:40,122.2
01/12/2026 00:50,159.8
01/12/2026 01:00,91.7
01/12/2026 01:10,102.7
01/12/2026 01:20,112.6
01/12/2026 01:30,93.8
01/12/2026 01:40,136.9
01/12/2026 01:50,86.9
01/12/2026 02:00,124.4
01/12/2026 02:10,115.6
01/12/2026 02:20,123.3
01/12/2026 02:30,81.2
01/12/2026 02:40,108.5
01/12/2026 02:50,103.9
01/12/2026 03:00,100.9
01/12/2026 03:10,170.1
01/12/2026 03:20,121.0
01/12/2026 03:30,100.7
01/12/2026 03:40,120.2
01/12/2026 03:50,91.3
01/12/2026 04:00,124.7
01/12/2026 04:10,137.2
01/12/2026 04:20,105.9
01/12/2026 04:30,134.9
01/12/2026 04:40,128.3
01/12/2026 04:50,118.7
01/12/2026 05:00,131.2
01/12/2026 05:10,93.7
01/12/2026 05:20,130.4
01/12/2026 05:30,133.8
01/12/2026 05:40,98.9
01/12/2026 05:50,114.2
01/12/2026 06:00,127.1
01/12/2026 06:10,118.0
01/12/2026 06:20,162.6
01/12/2026 06:30,114.8
01/12/2026 06:40,170.4
01/12/2026 06:50,123.5
01/12/2026 07:00,96.0
01/12/2026 07:10,121.4
01/12/2026 07:20,112.5
01/12/2026 07:30,124.1
01/12/2026 07:40,128.0
01/12/2026 07:50,121.3
01/12/2026 08:00,192.9
01/12/2026 08:10,111.9
01/12/2026 08:20,129.8
01/12/2026 08:30,129.8
01/12/2026 08:40,163.2
01/12/2026 08:50,180.6
01/12/2026 09:00,190.3
01/12/2026 09:10,127.2
01/12/2026 09:20,134.3
01/12/2026 09:30,202.2
01/12/2026 09:40,141.1
01/12/2026 09:50,139.3
01/12/2026 10:00,118.8
01/12/2026 10:10,149.3
01/12/2026 10:20,125.1
01/12/2026 10:30,107.5
01/12/2026 10:40,132.4
01/12/2026 10:50,133.2
01/12/2026 11:00,135.3
01/12/2026 11:10,137.7
01/12/2026 11:20,99.6
01/12/2026 11:30,127.2
01/12/2026 11:40,144.3
01/12/2026 11:50,170.9
01/12/2026 12:00,167.4
01/12/2026 12:10,114.3
01/12/2026 12:20,135.1
01/12/2026 12:30,176.5
01/12/2026 12:40,125.5
01/12/2026 12:50,214.8
01/12/2026 13:00,195.3
01/12/2026 13:10,165.8
01/12/2026 13:20,130.4
01/12/2026 13:30,146.8
01/12/2026 13:40,143.5
01/12/2026 13:50,116.6
01/12/2026 14:00,118.6
01/12/2026 14:10,117.2
01/12/2026 14:20,149.9
01/12/2026 14:30,119.0
01/12/2026 14:40,121.6
01/12/2026 14:50,125.0
01/12/2026 15:00,115.1
01/12/2026 15:10,107.0
01/12/2026 15:20,130.5
01/12/2026 15:30,120.6
01/12/2026 15:40,125.8
01/12/2026 15:50,153.0
01/12/2026 16:00,185.8
01/12/2026 16:10,111.8
01/12/2026 16:20,128.9
01/12/2026 16:30,93.2
01/12/2026 16:40,142.8
01/12/2026 16:50,114.6
01/12/2026 17:00,134.2
01/12/2026 17:10,167.9
01/12/2026 17:20,166.2
01/12/2026 17:30,121.3
01/12/2026 17:40,138.7
01/12/2026 17:50,90.8
01/12/2026 18:00,126.6
01/12/2026 18:10,120.7
01/12/2026 18:20,103.4
01/12/2026 18:30,119.3
01/12/2026 18:40,107.4
01/12/2026 18:50,131.5
01/12/2026 19:00,150.4
01/12/2026 19:10,117.6
01/12/2026 19:20,132.5
01/12/2026 19:30,156.1
01/12/2026 19:40,164.6
01/12/2026 19:50,169.8
01/12/2026 20:00,127.4
01/12/2026 20:10,120.4
01/12/2026 20:20,103.7
01/12/2026 20:30,170.7
01/12/2026 20:40,91.1
01/12/2026 20:50,118.1
01/12/2026 21:00,174.1
01/12/2026 21:10,179.3
01/12/2026 21:20,115.2
01/12/2026 21:30,131.7
01/12/2026 21:40,137.8
01/12/2026 21:50,110.7
01/12/2026 22:00,173.5
01/12/2026 22:10,135.5
01/12/2026 22:20,86.5
01/12/2026 22:30,117.5
01/12/2026 22:40,87.2
01/12/2026 22:50,125.7
01/12/2026 23:00,136.0
01/12/2026 23:10,169.7
01/12/2026 23:20,90.2
01/12/2026 23:30,110.5
01/12/2026 23:40,95.6
01/12/2026 23:50,110.4
01/13/2026 00:00,100.4
01/13/2026 00:10,107.4
01/13/2026 00:20,110.3
01/13/2026 00:30,107.1
01/13/2026 00:40,108.2
01/13/2026 00:50,118.6
01/13/2026 01:00,129.5
01/13/2026 01:10,98.4
01/13/2026 01:20,97.5
01/13/2026 01:30,173.0
01/13/2026 01:40,96.0
01/13/2026 01:50,95.9
01/13/2026 02:00,114.7
01/13/2026 02:10,110.0
01/13/2026 02:20,111.0
01/13/2026 02:30,108.0
01/13/2026 02:40,110.0
01/13/2026 02:50,103.9
01/13/2026 03:00,106.4
01/13/2026 03:10,95.0
01/13/2026 03:20,156.8
01/13/2026 03:30,79.1
01/13/2026 03:40,116.7
01/13/2026 03:50,169.3
01/13/2026 04:00,137.5
01/13/2026 04:10,117.4
01/13/2026 04:20,161.0
01/13/2026 04:30,109.0
01/13/2026 04:40,111.0
01/13/2026 04:50,153.9
01/13/2026 05:00,114.1
01/13/2026 05:10,139.5
01/13/2026 05:20,135.0
01/13/2026 05:30,121.2
01/13/2026 05:40,132.5
01/13/2026 05:50,121.6
01/13/2026 06:00,116.5
01/13/2026 06:10,127.0
01/13/2026 06:20,105.3
01/13/2026 06:30,144.1
01/13/2026 06:40,133.2
01/13/2026 06:50,117.5
01/13/2026 07:00,112.9
01/13/2026 07:10,118.7
01/13/2026 07:20,158.1
01/13/2026 07:30,132.8
01/13/2026 07:40,142.2
01/13/2026 07:50,174.6
01/13/2026 08:00,141.6
01/13/2026 08:10,132.4
01/13/2026 08:20,138.0
01/13/2026 08:30,138.5
01/13/2026 08:40,124.3
01/13/2026 08:50,125.5
01/13/2026 09:00,140.1
01/13/2026 09:10,124.8
01/13/2026 09:20,168.1
01/13/2026 09:30,116.8
01/13/2026 09:40,174.2
01/13/2026 09:50,140.8
01/13/2026 10:00,127.4
01/13/2026 10:10,186.1
01/13/2026 10:20,130.7
01/13/2026 10:30,167.6
01/13/2026 10:40,128.2
01/13/2026 10:50,136.9
01/13/2026 11:00,114.1
01/13/2026 11:10,152.5
01/13/2026 11:20,110.4
01/13/2026 11:30,145.0
01/13/2026 11:40,135.9
01/13/2026 11:50,132.0
01/13/2026 12:00,129.0
01/13/2026 12:10,143.2
01/13/2026 12:20,150.8
01/13/2026 12:30,165.6
01/13/2026 12:40,134.4
01/13/2026 12:50,156.5
01/13/2026 13:00,136.3
01/13/2026 13:10,119.4
01/13/2026 13:20,130.2
01/13/2026 13:30,198.8
01/13/2026 13:40,139.0
01/13/2026 13:50,151.1
01/13/2026 14:00,124.1
01/13/2026 14:10,120.5
01/13/2026 14:20,184.9
01/13/2026 14:30,196.9
01/13/2026 14:40,122.8
01/13/2026 14:50,138.1
01/13/2026 15:00,129.2
01/13/2026 15:10,111.8
01/13/2026 15:20,152.3
01/13/2026 15:30,127.6
01/13/2026 15:40,174.2
01/13/2026 15:50,139.9
01/13/2026 16:00,137.2
01/13/2026 16:10,176.6
01/13/2026 16:20,174.5
01/13/2026 16:30,142.3
01/13/2026 16:40,118.9
01/13/2026 16:50,119.1
01/13/2026 17:00,122.7
01/13/2026 17:10,109.1
01/13/2026 17:20,108.3
01/13/2026 17:30,155.3
01/13/2026 17:40,112.8
01/13/2026 17:50,138.3
01/13/2026 18:00,165.6
01/13/2026 18:10,109.6
01/13/2026 18:20,126.3
01/13/2026 18:30,134.5
01/13/2026 18:40,197.5
01/13/2026 18:50,178.9
01/13/2026 19:00,101.3
01/13/2026 19:10,125.1
01/13/2026 19:20,114.9
01/13/2026 19:30,130.4
01/13/2026 19:40,155.7
01/13/2026 19:50,101.5
01/13/2026 20:00,100.9
01/13/2026 20:10,90.3
01/13/2026 20:20,124.7
01/13/2026 20:30,122.9
01/13/2026 20:40,128.3
01/13/2026 20:50,157.6
01/13/2026 21:00,107.0
01/13/2026 21:10,113.7
01/13/2026 21:20,136.0
01/13/2026 21:30,140.7
01/13/2026 21:40,118.5
01/13/2026 21:50,91.0
01/13/2026 22:00,82.7
01/13/2026 22:10,109.5
01/13/2026 22:20,74.8
01/13/2026 22:30,103.8
01/13/2026 22:40,97.9
01/13/2026 22:50,111.5
01/13/2026 23:00,129.6
01/13/2026 23:10,104.4
01/13/2026 23:20,82.9
01/13/2026 23:30,174.7
01/13/2026 23:40,90.5
01/13/2026 23:50,137.7
01/14/2026 00:00,103.6
01/14/2026 00:10,113.1
01/14/2026 00:20,112.9
01/14/2026 00:30,101.8
01/14/2026 00:40,103.8
01/14/2026 00:50,91.3
01/14/2026 01:00,115.1
01/14/2026 01:10,109.4
01/14/2026 01:20,109.9
01/14/2026 01:30,90.9
01/14/2026 01:40,105.4
01/14/2026 01:50,141.2
01/14/2026 02:00,119.9
01/14/2026 02:10,109.3
01/14/2026 02:20,92.6
01/14/2026 02:30,93.3
01/14/2026 02:40,127.3
01/14/2026 02:50,105.3
01/14/2026 03:00,127.4
01/14/2026 03:10,106.2
01/14/2026 03:20,140.1
01/14/2026 03:30,97.7
01/14/2026 03:40,121.9
01/14/2026 03:50,117.9
01/14/2026 04:00,102.9
01/14/2026 04:10,112.5
01/14/2026 04:20,124.3
01/14/2026 04:30,111.3
01/14/2026 04:40,122.5
01/14/2026 04:50,171.6
01/14/2026 05:00,103.0
01/14/2026 05:10,127.4
01/14/2026 05:20,119.5
01/14/2026 05:30,133.9
01/14/2026 05:40,114.7
01/14/2026 05:50,134.4
01/14/2026 06:00,119.1
01/14/2026 06:10,163.6
01/14/2026 06:20,140.9
01/14/2026 06:30,151.6
01/14/2026 06:40,121.3
01/14/2026 06:50,139.6
01/14/2026 07:00,186.6
01/14/2026 07:10,134.6
01/14/2026 07:20,184.0
01/14/2026 07:30,113.9
01/14/2026 07:40,119.0
01/14/2026 07:50,113.8
01/14/2026 08:00,125.5
01/14/2026 08:10,126.1
01/14/2026 08:20,136.5
01/14/2026 08:30,124.4
01/14/2026 08:40,195.5
01/14/2026 08:50,127.7
01/14/2026 09:00,131.9
01/14/2026 09:10,124.3
01/14/2026 09:20,119.4
01/14/2026 09:30,153.2
01/14/2026 09:40,168.6
01/14/2026 09:50,138.8
01/14/2026 10:00,142.2
01/14/2026 10:10,146.1
01/14/2026 10:20,145.1
01/14/2026 10:30,138.9
01/14/2026 10:40,133.4
01/14/2026 10:50,125.4
01/14/2026 11:00,120.0
01/14/2026 11:10,141.1
01/14/2026 11:20,132.7
01/14/2026 11:30,124.3
01/14/2026 11:40,148.1
01/14/2026 11:50,105.2
01/14/2026 12:00,122.2
01/14/2026 12:10,197.6
01/14/2026 12:20,120.7
01/14/2026 12:30,185.1
01/14/2026 12:40,144.4
01/14/2026 12:50,156.4
01/14/2026 13:00,149.4
01/14/2026 13:10,134.7
01/14/2026 13:20,169.2
01/14/2026 13:30,146.6
01/14/2026 13:40,135.9
01/14/2026 13:50,127.8
01/14/2026 14:00,146.0
01/14/2026 14:10,111.9
01/14/2026 14:20,169.5
01/14/2026 14:30,128.8
01/14/2026 14:40,144.3
01/14/2026 14:50,181.1
01/14/2026 15:00,164.1
01/14/2026 15:10,136.9
01/14/2026 15:20,131.3
01/14/2026 15:30,100.3
01/14/2026 15:40,108.2
01/14/2026 15:50,125.1
01/14/2026 16:00,115.0
01/14/2026 16:10,145.4
01/14/2026 16:20,158.8
01/14/2026 16:30,137.5
01/14/2026 16:40,106.1
01/14/2026 16:50,138.5
01/14/2026 17:00,115.0
01/14/2026 17:10,95.3
01/14/2026 17:20,123.8
01/14/2026 17:30,92.5
01/14/2026 17:40,117.7
01/14/2026 17:50,120.0
01/14/2026 18:00,115.4
01/14/2026 18:10,131.0
01/14/2026 18:20,116.4
01/14/2026 18:30,135.1
01/14/2026 18:40,80.9
01/14/2026 18:50,127.2
01/14/2026 19:00,134.8
01/14/2026 19:10,118.2
01/14/2026 19:20,137.6
01/14/2026 19:30,102.9
01/14/2026 19:40,160.4
01/14/2026 19:50,102.4
01/14/2026 20:00,141.3
01/14/2026 20:10,139.2
01/14/2026 20:20,133.7
01/14/2026 20:30,89.3
01/14/2026 20:40,152.4
01/14/2026 20:50,109.2
01/14/2026 21:00,135.1
01/14/2026 21:10,78.2
01/14/2026 21:20,106.7
01/14/2026 21:30,144.2
01/14/2026 21:40,111.8
01/14/2026 21:50,112.5
01/14/2026 22:00,99.6
01/14/2026 22:10,89.3
01/14/2026 22:20,100.9
01/14/2026 22:30,111.1
01/14/2026 22:40,98.5
01/14/2026 22:50,106.2
01/14/2026 23:00,104.6
01/14/2026 23:10,94.4
01/14/2026 23:20,86.2
01/14/2026 23:30,95.6
01/14/2026 23:40,146.8
01/14/2026 23:50,94.3
01/15/2026 00:00,120.7
01/15/2026 00:10,102.8
01/15/2026 00:20,117.7
01/15/2026 00:30,87.0
01/15/2026 00:40,144.8
01/15/2026 00:50,92.5
01/15/2026 01:00,91.9
01/15/2026 01:10,98.2
01/15/2026 01:20,162.3
01/15/2026 01:30,98.4
01/15/2026 01:40,134.5
01/15/2026 01:50,148.3
01/15/2026 02:00,130.9
01/15/2026 02:10,106.7
01/15/2026 02:20,112.4
01/15/2026 02:30,160.7
01/15/2026 02:40,150.8
01/15/2026 02:50,109.3
01/15/2026 03:00,104.0
01/15/2026 03:10,97.6
01/15/2026 03:20,129.7
01/15/2026 03:30,132.1
01/15/2026 03:40,118.5
01/15/2026 03:50,168.9
01/15/2026 04:00,98.5
01/15/2026 04:10,99.8
01/15/2026 04:20,112.1
01/15/2026 04:30,120.3
01/15/2026 04:40,150.6
01/15/2026 04:50,168.7
01/15/2026 05:00,123.2
01/15/2026 05:10,113.0
01/15/2026 05:20,111.6
01/15/2026 05:30,104.6
01/15/2026 05:40,105.4
01/15/2026 05:50,108.6
01/15/2026 06:00,92.7
01/15/2026 06:10,114.2
01/15/2026 06:20,113.2
01/15/2026 06:30,110.5
01/15/2026 06:40,119.0
01/15/2026 06:50,108.5
01/15/2026 07:00,111.4
01/15/2026 07:10,128.2
01/15/2026 07:20,113.9
01/15/2026 07:30,147.4
01/15/2026 07:40,202.9
01/15/2026 07:50,128.9
01/15/2026 08:00,125.9
01/15/2026 08:10,120.1
01/15/2026 08:20,121.1
01/15/2026 08:30,121.6
01/15/2026 08:40,173.9
01/15/2026 08:50,136.4
01/15/2026 09:00,102.1
01/15/2026 09:10,123.2
01/15/2026 09:20,142.0
01/15/2026 09:30,152.0
01/15/2026 09:40,170.0
01/15/2026 09:50,126.2
01/15/2026 10:00,159.5
01/15/2026 10:10,142.5
01/15/2026 10:20,125.9
01/15/2026 10:30,111.5
01/15/2026 10:40,141.5
01/15/2026 10:50,99.5
01/15/2026 11:00,126.1
01/15/2026 11:10,141.7
01/15/2026 11:20,138.1
01/15/2026 11:30,150.7
01/15/2026 11:40,129.2
01/15/2026 11:50,209.2
01/15/2026 12:00,123.2
01/15/2026 12:10,149.0
01/15/2026 12:20,149.8
01/15/2026 12:30,108.5
01/15/2026 12:40,132.7
01/15/2026 12:50,150.0
01/15/2026 13:00,152.8
01/15/2026 13:10,197.0
01/15/2026 13:20,127.5
01/15/2026 13:30,126.7
01/15/2026 13:40,122.0
01/15/2026 13:50,142.2
01/15/2026 14:00,189.8
01/15/2026 14:10,116.5
01/15/2026 14:20,150.1
01/15/2026 14:30,141.6
01/15/2026 14:40,134.6
01/15/2026 14:50,130.0
01/15/2026 15:00,125.4
01/15/2026 15:10,122.6
01/15/2026 15:20,141.2
01/15/2026 15:30,127.7
01/15/2026 15:40,122.5
01/15/2026 15:50,129.5
01/15/2026 16:00,136.9
01/15/2026 16:10,123.1
01/15/2026 16:20,126.5
01/15/2026 16:30,178.5
01/15/2026 16:40,112.2
01/15/2026 16:50,107.4
01/15/2026 17:00,115.3
01/15/2026 17:10,161.8
01/15/2026 17:20,127.2
01/15/2026 17:30,160.1
01/15/2026 17:40,126.9
01/15/2026 17:50,130.2
01/15/2026 18:00,137.7
01/15/2026 18:10,129.2
01/15/2026 18:20,134.0
01/15/2026 18:30,124.7
01/15/2026 18:40,164.5
01/15/2026 18:50,104.4
01/15/2026 19:00,102.3
01/15/2026 19:10,93.3
01/15/2026 19:20,103.7
01/15/2026 19:30,126.9
01/15/2026 19:40,144.2
01/15/2026 19:50,125.2
01/15/2026 20:00,108.9
01/15/2026 20:10,94.7
01/15/2026 20:20,101.1
01/15/2026 20:30,105.7
01/15/2026 20:40,90.9
01/15/2026 20:50,119.6
01/15/2026 21:00,122.9
01/15/2026 21:10,172.0
01/15/2026 21:20,111.8
01/15/2026 21:30,73.8
01/15/2026 21:40,111.7
01/15/2026 21:50,116.6
01/15/2026 22:00,95.8
01/15/2026 22:10,92.1
01/15/2026 22:20,113.7
01/15/2026 22:30,165.6
01/15/2026 22:40,134.8
01/15/2026 22:50,113.7
01/15/2026 23:00,148.2
01/15/2026 23:10,104.7
01/15/2026 23:20,83.6
01/15/2026 23:30,97.6
01/15/2026 23:40,140.6
01/15/2026 23:50,107.5
01/16/2026 00:00,112.1
01/16/2026 00:10,113.7
01/16/2026 00:20,148.0
01/16/2026 00:30,116.8
01/16/2026 00:40,86.7
01/16/2026 00:50,96.7
01/16/2026 01:00,73.5
01/16/2026 01:10,109.2
01/16/2026 01:20,108.4
01/16/2026 01:30,95.8
01/16/2026 01:40,92.1
01/16/2026 01:50,128.8
01/16/2026 02:00,85.9
01/16/2026 02:10,167.5
01/16/2026 02:20,138.0
01/16/2026 02:30,152.8
01/16/2026 02:40,107.9
01/16/2026 02:50,90.2
01/16/2026 03:00,97.9
01/16/2026 03:10,109.7
01/16/2026 03:20,121.3
01/16/2026 03:30,190.5
01/16/2026 03:40,84.5
01/16/2026 03:50,140.4
01/16/2026 04:00,105.0
01/16/2026 04:10,119.2
01/16/2026 04:20,114.6
01/16/2026 04:30,100.0
01/16/2026 04:40,130.2
01/16/2026 04:50,133.1
01/16/2026 05:00,115.3
01/16/2026 05:10,74.4
01/16/2026 05:20,166.5
01/16/2026 05:30,123.5
01/16/2026 05:40,134.4
01/16/2026 05:50,125.0
01/16/2026 06:00,117.1
01/16/2026 06:10,118.8
01/16/2026 06:20,119.9
01/16/2026 06:30,94.5
01/16/2026 06:40,125.3
01/16/2026 06:50,125.9
01/16/2026 07:00,151.1
01/16/2026 07:10,139.2
01/16/2026 07:20,132.9
01/16/2026 07:30,138.7
01/16/2026 07:40,139.4
01/16/2026 07:50,134.5
01/16/2026 08:00,134.5
01/16/2026 08:10,141.6
01/16/2026 08:20,142.5
01/16/2026 08:30,119.6
01/16/2026 08:40,126.0
01/16/2026 08:50,145.7
01/16/2026 09:00,169.3
01/16/2026 09:10,121.2
01/16/2026 09:20,142.8
01/16/2026 09:30,136.0
01/16/2026 09:40,132.6
01/16/2026 09:50,151.9
01/16/2026 10:00,177.1
01/16/2026 10:10,135.5
01/16/2026 10:20,127.5
01/16/2026 10:30,142.1
01/16/2026 10:40,131.7
01/16/2026 10:50,152.0
01/16/2026 11:00,180.2
01/16/2026 11:10,177.4
01/16/2026 11:20,137.1
01/16/2026 11:30,108.8
01/16/2026 11:40,130.1
01/16/2026 11:50,159.6
01/16/2026 12:00,128.5
01/16/2026 12:10,143.8
01/16/2026 12:20,140.2
01/16/2026 12:30,150.8
01/16/2026 12:40,165.7
01/16/2026 12:50,123.0
01/16/2026 13:00,142.4
01/16/2026 13:10,158.6
01/16/2026 13:20,134.5
01/16/2026 13:30,158.5
01/16/2026 13:40,132.4
01/16/2026 13:50,123.9
01/16/2026 14:00,183.3
01/16/2026 14:10,115.7
01/16/2026 14:20,146.7
01/16/2026 14:30,189.3
01/16/2026 14:40,107.4
01/16/2026 14:50,116.8
01/16/2026 15:00,116.6
01/16/2026 15:10,128.8
01/16/2026 15:20,126.2
01/16/2026 15:30,156.9
01/16/2026 15:40,131.5
01/16/2026 15:50,119.1
01/16/2026 16:00,129.5
01/16/2026 16:10,113.2
01/16/2026 16:20,119.7
01/16/2026 16:30,136.1
01/16/2026 16:40,166.0
01/16/2026 16:50,121.4
01/16/2026 17:00,159.7
01/16/2026 17:10,169.3
01/16/2026 17:20,130.5
01/16/2026 17:30,117.1
01/16/2026 17:40,131.6
01/16/2026 17:50,130.3
01/16/2026 18:00,104.6
01/16/2026 18:10,116.0
01/16/2026 18:20,160.0
01/16/2026 18:30,120.1
01/16/2026 18:40,118.9
01/16/2026 18:50,121.5
01/16/2026 19:00,119.0
01/16/2026 19:10,126.9
01/16/2026 19:20,97.1
01/16/2026 19:30,135.1
01/16/2026 19:40,128.3
01/16/2026 19:50,113.0
01/16/2026 20:00,143.9
01/16/2026 20:10,176.3
01/16/2026 20:20,95.4
01/16/2026 20:30,116.2
01/16/2026 20:40,100.5
01/16/2026 20:50,84.8
01/16/2026 21:00,100.3
01/16/2026 21:10,170.3
01/16/2026 21:20,98.1
01/16/2026 21:30,111.8
01/16/2026 21:40,114.9
01/16/2026 21:50,162.3
01/16/2026 22:00,82.1
01/16/2026 22:10,93.0
01/16/2026 22:20,117.6
01/16/2026 22:30,120.0
01/16/2026 22:40,91.1
01/16/2026 22:50,115.1
01/16/2026 23:00,143.4
01/16/2026 23:10,108.4
01/16/2026 23:20,104.2
01/16/2026 23:30,99.1
01/16/2026 23:40,157.5
01/16/2026 23:50,157.2
01/17/2026 00:00,91.0
01/17/2026 00:10,95.4
01/17/2026 00:20,103.6
01/17/2026 00:30,104.8
01/17/2026 00:40,149.9
01/17/2026 00:50,91.2
01/17/2026 01:00,154.0
01/17/2026 01:10,110.3
01/17/2026 01:20,103.7
01/17/2026 01:30,91.4
01/17/2026 01:40,76.0
01/17/2026 01:50,109.2
01/17/2026 02:00,134.3
01/17/2026 02:10,72.6
01/17/2026 02:20,88.4
01/17/2026 02:30,155.8
01/17/2026 02:40,105.4
01/17/2026 02:50,153.4
01/17/2026 03:00,140.0
01/17/2026 03:10,93.3
01/17/2026 03:20,154.3
01/17/2026 03:30,129.9
01/17/2026 03:40,109.0
01/17/2026 03:50,86.6
01/17/2026 04:00,178.6
01/17/2026 04:10,136.4
01/17/2026 04:20,98.1
01/17/2026 04:30,123.3
01/17/2026 04:40,152.2
01/17/2026 04:50,155.1
01/17/2026 05:00,104.2
01/17/2026 05:10,114.0
01/17/2026 05:20,166.8
01/17/2026 05:30,108.4
01/17/2026 05:40,115.7
01/17/2026 05:50,132.5
01/17/2026 06:00,103.0
01/17/2026 06:10,119.8
01/17/2026 06:20,166.9
01/17/2026 06:30,111.0
01/17/2026 06:40,87.1
01/17/2026 06:50,121.4
01/17/2026 07:00,112.2
01/17/2026 07:10,128.1
01/17/2026 07:20,141.7
01/17/2026 07:30,121.6
01/17/2026 07:40,117.6
01/17/2026 07:50,125.2
01/17/2026 08:00,131.7
01/17/2026 08:10,202.4
01/17/2026 08:20,173.2
01/17/2026 08:30,141.6
01/17/2026 08:40,152.4
01/17/2026 08:50,112.9
01/17/2026 09:00,126.4
01/17/2026 09:10,136.8
01/17/2026 09:20,141.4
01/17/2026 09:30,144.2
01/17/2026 09:40,123.5
01/17/2026 09:50,123.1
01/17/2026 10:00,174.7
01/17/2026 10:10,141.4
01/17/2026 10:20,155.7
01/17/2026 10:30,121.2
01/17/2026 10:40,145.2
01/17/2026 10:50,147.9
01/17/2026 11:00,182.1
01/17/2026 11:10,128.7
01/17/2026 11:20,142.3
01/17/2026 11:30,142.7
01/17/2026 11:40,135.6
01/17/2026 11:50,154.9
01/17/2026 12:00,152.5
01/17/2026 12:10,195.7
01/17/2026 12:20,137.7
01/17/2026 12:30,134.8
01/17/2026 12:40,138.7
01/17/2026 12:50,178.2
01/17/2026 13:00,118.9
01/17/2026 13:10,179.4
01/17/2026 13:20,169.6
01/17/2026 13:30,136.3
01/17/2026 13:40,151.0
01/17/2026 13:50,131.7
01/17/2026 14:00,123.1
01/17/2026 14:10,129.8
01/17/2026 14:20,151.3
01/17/2026 14:30,129.5
01/17/2026 14:40,119.3
01/17/2026 14:50,181.7
01/17/2026 15:00,122.8
01/17/2026 15:10,120.3
01/17/2026 15:20,138.3
01/17/2026 15:30,158.5
01/17/2026 15:40,131.0
01/17/2026 15:50,109.8
01/17/2026 16:00,124.1
01/17/2026 16:10,103.8
01/17/2026 16:20,149.1
01/17/2026 16:30,117.2
01/17/2026 16:40,112.6
01/17/2026 16:50,115.8
01/17/2026 17:00,121.6
01/17/2026 17:10,183.4
01/17/2026 17:20,115.1
01/17/2026 17:30,114.0
01/17/2026 17:40,125.2
01/17/2026 17:50,109.4
01/17/2026 18:00,113.9
01/17/2026 18:10,141.2
01/17/2026 18:20,108.7
01/17/2026 18:30,194.1
01/17/2026 18:40,143.3
01/17/2026 18:50,154.9
01/17/2026 19:00,117.7
01/17/2026 19:10,117.6
01/17/2026 19:20,116.6
01/17/2026 19:30,121.4
01/17/2026 19:40,128.5
01/17/2026 19:50,118.0
01/17/2026 20:00,172.5
01/17/2026 20:10,142.3
01/17/2026 20:20,173.2
01/17/2026 20:30,113.5
01/17/2026 20:40,77.4
01/17/2026 20:50,126.5
01/17/2026 21:00,109.4
01/17/2026 21:10,99.4
01/17/2026 21:20,123.7
01/17/2026 21:30,110.8
01/17/2026 21:40,123.2
01/17/2026 21:50,114.1
01/17/2026 22:00,75.0
01/17/2026 22:10,86.6
01/17/2026 22:20,80.2
01/17/2026 22:30,108.6
01/17/2026 22:40,84.4
01/17/2026 22:50,123.9
01/17/2026 23:00,129.6
01/17/2026 23:10,120.0
01/17/2026 23:20,120.5
01/17/2026 23:30,103.7
01/17/2026 23:40,99.9
01/17/2026 23:50,123.8
01/18/2026 00:00,99.2
01/18/2026 00:10,100.8
01/18/2026 00:20,99.0
01/18/2026 00:30,120.1
01/18/2026 00:40,74.3
01/18/2026 00:50,106.1
01/18/2026 01:00,135.3
01/18/2026 01:10,122.6
01/18/2026 01:20,115.0
01/18/2026 01:30,119.7
01/18/2026 01:40,117.4
01/18/2026 01:50,166.1
01/18/2026 02:00,93.4
01/18/2026 02:10,103.3
01/18/2026 02:20,100.3
01/18/2026 02:30,123.3
01/18/2026 02:40,149.7
01/18/2026 02:50,98.5
01/18/2026 03:00,99.2
01/18/2026 03:10,121.8
01/18/2026 03:20,103.5
01/18/2026 03:30,157.9
01/18/2026 03:40,100.2
01/18/2026 03:50,161.1
01/18/2026 04:00,152.5
01/18/2026 04:10,119.3
01/18/2026 04:20,152.5
01/18/2026 04:30,117.7
01/18/2026 04:40,119.3
01/18/2026 04:50,108.9
01/18/2026 05:00,118.8
01/18/2026 05:10,118.8
01/18/2026 05:20,122.8
01/18/2026 05:30,123.1
01/18/2026 05:40,88.5
01/18/2026 05:50,118.6
01/18/2026 06:00,122.6
01/18/2026 06:10,117.5
01/18/2026 06:20,92.1
01/18/2026 06:30,128.0
01/18/2026 06:40,137.9
01/18/2026 06:50,101.5
01/18/2026 07:00,130.2
01/18/2026 07:10,121.2
01/18/2026 07:20,97.3
01/18/2026 07:30,151.6
01/18/2026 07:40,163.0
01/18/2026 07:50,146.3
01/18/2026 08:00,111.3
01/18/2026 08:10,142.6
01/18/2026 08:20,151.9
01/18/2026 08:30,144.5
01/18/2026 08:40,155.6
01/18/2026 08:50,177.0
01/18/2026 09:00,173.6
01/18/2026 09:10,177.6
01/18/2026 09:20,112.0
01/18/2026 09:30,151.5
01/18/2026 09:40,130.4
01/18/2026 09:50,123.5
01/18/2026 10:00,142.0
01/18/2026 10:10,141.8
01/18/2026 10:20,131.6
01/18/2026 10:30,128.7
01/18/2026 10:40,148.5
01/18/2026 10:50,123.1
01/18/2026 11:00,193.1
01/18/2026 11:10,127.4
01/18/2026 11:20,126.4
01/18/2026 11:30,142.1
01/18/2026 11:40,124.6
01/18/2026 11:50,164.3
01/18/2026 12:00,211.5
01/18/2026 12:10,134.5
01/18/2026 12:20,150.3
01/18/2026 12:30,132.5
01/18/2026 12:40,141.1
01/18/2026 12:50,110.7
01/18/2026 13:00,141.9
01/18/2026 13:10,144.1
01/18/2026 13:20,121.1
01/18/2026 13:30,130.1
01/18/2026 13:40,122.9
01/18/2026 13:50,133.1
01/18/2026 14:00,181.0
01/18/2026 14:10,125.7
01/18/2026 14:20,133.6
01/18/2026 14:30,143.4
01/18/2026 14:40,150.9
01/18/2026 14:50,136.6
01/18/2026 15:00,136.4
01/18/2026 15:10,121.9
01/18/2026 15:20,139.2
01/18/2026 15:30,170.5
01/18/2026 15:40,128.9
01/18/2026 15:50,185.0
01/18/2026 16:00,127.5
01/18/2026 16:10,121.8
01/18/2026 16:20,162.5
01/18/2026 16:30,120.5
01/18/2026 16:40,171.0
01/18/2026 16:50,120.8
01/18/2026 17:00,99.8
01/18/2026 17:10,131.8
01/18/2026 17:20,100.1
01/18/2026 17:30,124.2
01/18/2026 17:40,175.7
01/18/2026 17:50,114.0
01/18/2026 18:00,116.5
01/18/2026 18:10,122.7
01/18/2026 18:20,101.5
01/18/2026 18:30,181.3
01/18/2026 18:40,118.5
01/18/2026 18:50,130.5
01/18/2026 19:00,119.3
01/18/2026 19:10,105.6
01/18/2026 19:20,147.6
01/18/2026 19:30,104.0
01/18/2026 19:40,111.5
01/18/2026 19:50,106.9
01/18/2026 20:00,99.4
01/18/2026 20:10,116.5
01/18/2026 20:20,101.6
01/18/2026 20:30,129.5
01/18/2026 20:40,124.3
01/18/2026 20:50,142.2
01/18/2026 21:00,124.6
01/18/2026 21:10,96.4
01/18/2026 21:20,122.9
01/18/2026 21:30,101.2
01/18/2026 21:40,94.4
01/18/2026 21:50,114.8
01/18/2026 22:00,96.9
01/18/2026 22:10,100.5
01/18/2026 22:20,91.8
01/18/2026 22:30,106.8
01/18/2026 22:40,104.3
01/18/2026 22:50,111.3
01/18/2026 23:00,113.2
01/18/2026 23:10,95.2
01/18/2026 23:20,98.7
01/18/2026 23:30,105.8
01/18/2026 23:40,108.2
01/18/2026 23:50,84.3
01/19/2026 00:00,128.9
01/19/2026 00:10,104.0
01/19/2026 00:20,110.8
01/19/2026 00:30,128.7
01/19/2026 00:40,153.8
01/19/2026 00:50,98.7
01/19/2026 01:00,144.8
01/19/2026 01:10,107.7
01/19/2026 01:20,109.3
01/19/2026 01:30,118.0
01/19/2026 01:40,106.1
01/19/2026 01:50,130.5
01/19/2026 02:00,152.7
01/19/2026 02:10,109.4
01/19/2026 02:20,99.3
01/19/2026 02:30,91.0
01/19/2026 02:40,105.2
01/19/2026 02:50,111.7
01/19/2026 03:00,116.2
01/19/2026 03:10,100.9
01/19/2026 03:20,117.8
01/19/2026 03:30,122.1
01/19/2026 03:40,104.7
01/19/2026 03:50,97.2
01/19/2026 04:00,160.0
01/19/2026 04:10,117.4
01/19/2026 04:20,127.4
01/19/2026 04:30,104.8
01/19/2026 04:40,141.7
01/19/2026 04:50,120.1
01/19/2026 05:00,155.6
01/19/2026 05:10,183.6
01/19/2026 05:20,122.2
01/19/2026 05:30,134.5
01/19/2026 05:40,136.5
01/19/2026 05:50,181.3
01/19/2026 06:00,121.9
01/19/2026 06:10,107.0
01/19/2026 06:20,121.8
01/19/2026 06:30,114.2
01/19/2026 06:40,121.4
01/19/2026 06:50,129.5
01/19/2026 07:00,174.9
01/19/2026 07:10,126.4
01/19/2026 07:20,130.3
01/19/2026 07:30,128.1
01/19/2026 07:40,109.8
01/19/2026 07:50,130.8
01/19/2026 08:00,170.9
01/19/2026 08:10,143.7
01/19/2026 08:20,119.6
01/19/2026 08:30,140.4
01/19/2026 08:40,136.9
01/19/2026 08:50,146.2
01/19/2026 09:00,139.8
01/19/2026 09:10,180.0
01/19/2026 09:20,142.8
01/19/2026 09:30,147.5
01/19/2026 09:40,190.9
01/19/2026 09:50,164.3
01/19/2026 10:00,135.8
01/19/2026 10:10,135.5
01/19/2026 10:20,129.5
01/19/2026 10:30,131.8
01/19/2026 10:40,138.3
01/19/2026 10:50,136.0
01/19/2026 11:00,133.4
01/19/2026 11:10,131.0
01/19/2026 11:20,122.7
01/19/2026 11:30,148.1
01/19/2026 11:40,133.8
01/19/2026 11:50,142.1
01/19/2026 12:00,140.1
01/19/2026 12:10,146.0
01/19/2026 12:20,163.2
01/19/2026 12:30,128.6
01/19/2026 12:40,126.5
01/19/2026 12:50,129.7
01/19/2026 13:00,157.2
01/19/2026 13:10,115.0
01/19/2026 13:20,139.1
01/19/2026 13:30,128.6
01/19/2026 13:40,148.3
01/19/2026 13:50,176.6
01/19/2026 14:00,110.6
01/19/2026 14:10,149.2
01/19/2026 14:20,130.9
01/19/2026 14:30,180.4
01/19/2026 14:40,132.2
01/19/2026 14:50,111.0
01/19/2026 15:00,136.9
01/19/2026 15:10,148.0
01/19/2026 15:20,167.1
01/19/2026 15:30,132.2
01/19/2026 15:40,167.4
01/19/2026 15:50,107.5
01/19/2026 16:00,102.5
01/19/2026 16:10,133.4
01/19/2026 16:20,108.8
01/19/2026 16:30,130.1
01/19/2026 16:40,121.9
01/19/2026 16:50,129.2
01/19/2026 17:00,142.9
01/19/2026 17:10,111.5
01/19/2026 17:20,178.8
01/19/2026 17:30,157.8
01/19/2026 17:40,126.3
01/19/2026 17:50,113.1
01/19/2026 18:00,104.8
01/19/2026 18:10,131.3
01/19/2026 18:20,110.0
01/19/2026 18:30,133.1
01/19/2026 18:40,136.3
01/19/2026 18:50,132.3
01/19/2026 19:00,152.4
01/19/2026 19:10,90.3
01/19/2026 19:20,132.4
01/19/2026 19:30,116.8
01/19/2026 19:40,120.7
01/19/2026 19:50,122.3
01/19/2026 20:00,123.1
01/19/2026 20:10,137.2
01/19/2026 20:20,91.0
01/19/2026 20:30,123.2
01/19/2026 20:40,108.5
01/19/2026 20:50,90.6
01/19/2026 21:00,107.8
01/19/2026 21:10,142.9
01/19/2026 21:20,125.2
01/19/2026 21:30,94.7
01/19/2026 21:40,124.2
01/19/2026 21:50,123.3
01/19/2026 22:00,100.4
01/19/2026 22:10,101.2
01/19/2026 22:20,111.6
01/19/2026 22:30,178.6
01/19/2026 22:40,82.5
01/19/2026 22:50,117.8
01/19/2026 23:00,133.5
01/19/2026 23:10,76.5
01/19/2026 23:20,121.0
01/19/2026 23:30,139.7
01/19/2026 23:40,138.5
01/19/2026 23:50,101.2
01/20/2026 00:00,79.3
01/20/2026 00:10,101.2
01/20/2026 00:20,117.9
01/20/2026 00:30,155.2
01/20/2026 00:40,148.1
01/20/2026 00:50,136.8
01/20/2026 01:00,110.1
01/20/2026 01:10,110.3
01/20/2026 01:20,106.3
01/20/2026 01:30,99.4
01/20/2026 01:40,99.5
01/20/2026 01:50,117.1
01/20/2026 02:00,122.9
01/20/2026 02:10,104.5
01/20/2026 02:20,95.9
01/20/2026 02:30,114.2
01/20/2026 02:40,122.7
01/20/2026 02:50,97.2
01/20/2026 03:00,117.8
01/20/2026 03:10,118.8
01/20/2026 03:20,176.9
01/20/2026 03:30,99.0
01/20/2026 03:40,146.0
01/20/2026 03:50,132.7
01/20/2026 04:00,158.2
01/20/2026 04:10,113.2
01/20/2026 04:20,94.8
01/20/2026 04:30,125.7
01/20/2026 04:40,101.6
01/20/2026 04:50,116.3
01/20/2026 05:00,103.1
01/20/2026 05:10,116.0
01/20/2026 05:20,89.5
01/20/2026 05:30,115.9
01/20/2026 05:40,123.2
01/20/2026 05:50,167.1
01/20/2026 06:00,98.8
01/20/2026 06:10,115.2
01/20/2026 06:20,127.8
01/20/2026 06:30,116.4
01/20/2026 06:40,98.2
01/20/2026 06:50,136.2
01/20/2026 07:00,129.8
01/20/2026 07:10,116.0
01/20/2026 07:20,117.6
01/20/2026 07:30,146.3
01/20/2026 07:40,135.8
01/20/2026 07:50,140.4
01/20/2026 08:00,163.6
01/20/2026 08:10,138.2
01/20/2026 08:20,169.2
01/20/2026 08:30,130.1
01/20/2026 08:40,115.8
01/20/2026 08:50,136.7
01/20/2026 09:00,140.3
01/20/2026 09:10,168.8
01/20/2026 09:20,120.7
01/20/2026 09:30,131.7
01/20/2026 09:40,122.5
01/20/2026 09:50,131.5
01/20/2026 10:00,146.4
01/20/2026 10:10,157.8
01/20/2026 10:20,117.6
01/20/2026 10:30,164.1
01/20/2026 10:40,116.4
01/20/2026 10:50,141.5
01/20/2026 11:00,133.1
01/20/2026 11:10,148.9
01/20/2026 11:20,144.7
01/20/2026 11:30,121.1
01/20/2026 11:40,185.5
01/20/2026 11:50,140.3
01/20/2026 12:00,193.6
01/20/2026 12:10,124.7
01/20/2026 12:20,143.5
01/20/2026 12:30,155.9
01/20/2026 12:40,126.7
01/20/2026 12:50,126.6
01/20/2026 13:00,122.2
01/20/2026 13:10,182.4
01/20/2026 13:20,148.4
01/20/2026 13:30,125.7
01/20/2026 13:40,123.5
01/20/2026 13:50,138.7
01/20/2026 14:00,140.5
01/20/2026 14:10,140.8
01/20/2026 14:20,125.9
01/20/2026 14:30,120.8
01/20/2026 14:40,132.1
01/20/2026 14:50,174.4
01/20/2026 15:00,126.1
01/20/2026 15:10,133.5
01/20/2026 15:20,115.9
01/20/2026 15:30,143.7
01/20/2026 15:40,95.3
01/20/2026 15:50,144.6
01/20/2026 16:00,114.9
01/20/2026 16:10,181.2
01/20/2026 16:20,113.7
01/20/2026 16:30,184.5
01/20/2026 16:40,142.2
01/20/2026 16:50,127.3
01/20/2026 17:00,125.3
01/20/2026 17:10,160.2
01/20/2026 17:20,122.7
01/20/2026 17:30,120.9
01/20/2026 17:40,98.7
01/20/2026 17:50,107.8
01/20/2026 18:00,120.5
01/20/2026 18:10,124.3
01/20/2026 18:20,135.9
01/20/2026 18:30,153.3
01/20/2026 18:40,125.6
01/20/2026 18:50,156.2
01/20/2026 19:00,109.1
01/20/2026 19:10,130.3
01/20/2026 19:20,108.4
01/20/2026 19:30,112.6
01/20/2026 19:40,117.0
01/20/2026 19:50,96.1
01/20/2026 20:00,102.8
01/20/2026 20:10,101.1
01/20/2026 20:20,108.2
01/20/2026 20:30,119.8
01/20/2026 20:40,120.4
01/20/2026 20:50,164.4
01/20/2026 21:00,99.9
01/20/2026 21:10,95.3
01/20/2026 21:20,89.1
01/20/2026 21:30,151.3
01/20/2026 21:40,105.1
01/20/2026 21:50,112.3
01/20/2026 22:00,95.0
01/20/2026 22:10,112.1
01/20/2026 22:20,98.2
01/20/2026 22:30,131.6
01/20/2026 22:40,98.5
01/20/2026 22:50,98.0
01/20/2026 23:00,139.7
01/20/2026 23:10,103.0
01/20/2026 23:20,114.3
01/20/2026 23:30,107.7
01/20/2026 23:40,105.0
01/20/2026 23:50,116.7
01/21/2026 00:00,137.6
01/21/2026 00:10,98.1
01/21/2026 00:20,145.9
01/21/2026 00:30,96.3
01/21/2026 00:40,111.2
01/21/2026 00:50,80.0
01/21/2026 01:00,92.1
01/21/2026 01:10,112.5
01/21/2026 01:20,113.0
01/21/2026 01:30,162.9
01/21/2026 01:40,97.3
01/21/2026 01:50,112.1
01/21/2026 02:00,105.7
01/21/2026 02:10,103.1
01/21/2026 02:20,150.5
01/21/2026 02:30,84.0
01/21/2026 02:40,93.2
01/21/2026 02:50,96.6
01/21/2026 03:00,123.0
01/21/2026 03:10,119.3
01/21/2026 03:20,130.6
01/21/2026 03:30,124.1
01/21/2026 03:40,107.5
01/21/2026 03:50,121.3
01/21/2026 04:00,121.5
01/21/2026 04:10,95.0
01/21/2026 04:20,142.4
01/21/2026 04:30,98.3
01/21/2026 04:40,109.2
01/21/2026 04:50,144.4
01/21/2026 05:00,168.1
01/21/2026 05:10,146.8
01/21/2026 05:20,107.6
01/21/2026 05:30,88.6
01/21/2026 05:40,119.9
01/21/2026 05:50,157.2
01/21/2026 06:00,172.4
01/21/2026 06:10,178.1
01/21/2026 06:20,129.6
01/21/2026 06:30,130.0
01/21/2026 06:40,129.5
01/21/2026 06:50,114.4
01/21/2026 07:00,172.2
01/21/2026 07:10,126.5
01/21/2026 07:20,143.6
01/21/2026 07:30,119.2
01/21/2026 07:40,188.2
01/21/2026 07:50,141.9
01/21/2026 08:00,130.3
01/21/2026 08:10,145.4
01/21/2026 08:20,131.7
01/21/2026 08:30,126.5
01/21/2026 08:40,152.5
01/21/2026 08:50,162.4
01/21/2026 09:00,171.0
01/21/2026 09:10,128.3
01/21/2026 09:20,134.6
01/21/2026 09:30,118.1
01/21/2026 09:40,149.6
01/21/2026 09:50,137.9
01/21/2026 10:00,146.9
01/21/2026 10:10,145.7
01/21/2026 10:20,142.1
01/21/2026 10:30,121.9
01/21/2026 10:40,142.5
01/21/2026 10:50,184.0
01/21/2026 11:00,130.3
01/21/2026 11:10,124.4
01/21/2026 11:20,127.0
01/21/2026 11:30,151.3
01/21/2026 11:40,114.3
01/21/2026 11:50,133.6
01/21/2026 12:00,123.7
01/21/2026 12:10,147.0
01/21/2026 12:20,119.5
01/21/2026 12:30,173.9
01/21/2026 12:40,167.8
01/21/2026 12:50,137.5
01/21/2026 13:00,170.2
01/21/2026 13:10,135.5
01/21/2026 13:20,153.8
01/21/2026 13:30,122.0
01/21/2026 13:40,114.4
01/21/2026 13:50,182.9
01/21/2026 14:00,136.4
01/21/2026 14:10,133.1
01/21/2026 14:20,114.6
01/21/2026 14:30,99.5
01/21/2026 14:40,133.3
01/21/2026 14:50,122.5
01/21/2026 15:00,150.1
01/21/2026 15:10,112.0
01/21/2026 15:20,149.4
01/21/2026 15:30,135.8
01/21/2026 15:40,157.8
01/21/2026 15:50,123.0
01/21/2026 16:00,158.2
01/21/2026 16:10,108.1
01/21/2026 16:20,114.0
01/21/2026 16:30,184.0
01/21/2026 16:40,146.4
01/21/2026 16:50,136.1
01/21/2026 17:00,113.2
01/21/2026 17:10,124.7
01/21/2026 17:20,129.7
01/21/2026 17:30,167.2
01/21/2026 17:40,172.5
01/21/2026 17:50,129.6
01/21/2026 18:00,118.4
01/21/2026 18:10,103.1
01/21/2026 18:20,84.6
01/21/2026 18:30,130.8
01/21/2026 18:40,122.2
01/21/2026 18:50,117.0
01/21/2026 19:00,127.3
01/21/2026 19:10,99.6
01/21/2026 19:20,118.3
01/21/2026 19:30,130.3
01/21/2026 19:40,144.6
01/21/2026 19:50,98.8
01/21/2026 20:00,86.6
01/21/2026 20:10,181.6
01/21/2026 20:20,96.0
01/21/2026 20:30,101.8
01/21/2026 20:40,105.5
01/21/2026 20:50,142.5
01/21/2026 21:00,122.1
01/21/2026 21:10,117.0
01/21/2026 21:20,119.7
01/21/2026 21:30,112.1
01/21/2026 21:40,98.1
01/21/2026 21:50,165.8
01/21/2026 22:00,106.2
01/21/2026 22:10,148.9
01/21/2026 22:20,144.5
01/21/2026 22:30,118.9
01/21/2026 22:40,165.6
01/21/2026 22:50,106.3
01/21/2026 23:00,162.0
01/21/2026 23:10,89.6
01/21/2026 23:20,110.3
01/21/2026 23:30,100.3
01/21/2026 23:40,153.2
01/21/2026 23:50,129.3
01/22/2026 00:00,159.2
01/22/2026 00:10,85.0
01/22/2026 00:20,126.6
01/22/2026 00:30,139.3
01/22/2026 00:40,91.6
01/22/2026 00:50,156.8
01/22/2026 01:00,109.2
01/22/2026 01:10,126.2
01/22/2026 01:20,107.3
01/22/2026 01:30,99.0
01/22/2026 01:40,100.3
01/22/2026 01:50,108.5
01/22/2026 02:00,113.3
01/22/2026 02:10,116.7
01/22/2026 02:20,95.9
01/22/2026 02:30,84.3
01/22/2026 02:40,117.8
01/22/2026 02:50,116.5
01/22/2026 03:00,98.5
01/22/2026 03:10,170.5
01/22/2026 03:20,154.3
01/22/2026 03:30,119.0
01/22/2026 03:40,127.6
01/22/2026 03:50,99.6
01/22/2026 04:00,98.3
01/22/2026 04:10,117.2
01/22/2026 04:20,98.0
01/22/2026 04:30,104.2
01/22/2026 04:40,125.2
01/22/2026 04:50,95.9
01/22/2026 05:00,115.5
01/22/2026 05:10,118.0
01/22/2026 05:20,112.0
01/22/2026 05:30,141.4
01/22/2026 05:40,119.7
01/22/2026 05:50,121.5
01/22/2026 06:00,115.8
01/22/2026 06:10,106.6
01/22/2026 06:20,149.8
01/22/2026 06:30,122.7
01/22/2026 06:40,131.0
01/22/2026 06:50,114.8
01/22/2026 07:00,120.9
01/22/2026 07:10,128.9
01/22/2026 07:20,139.5
01/22/2026 07:30,136.8
01/22/2026 07:40,100.8
01/22/2026 07:50,126.0
01/22/2026 08:00,169.0
01/22/2026 08:10,117.9
01/22/2026 08:20,140.5
01/22/2026 08:30,152.3
01/22/2026 08:40,136.7
01/22/2026 08:50,160.2
01/22/2026 09:00,185.2
01/22/2026 09:10,124.0
01/22/2026 09:20,143.6
01/22/2026 09:30,146.7
01/22/2026 09:40,118.7
01/22/2026 09:50,119.3
01/22/2026 10:00,133.4
01/22/2026 10:10,134.4
01/22/2026 10:20,134.4
01/22/2026 10:30,125.5
01/22/2026 10:40,140.0
01/22/2026 10:50,144.1
01/22/2026 11:00,132.3
01/22/2026 11:10,112.8
01/22/2026 11:20,127.7
01/22/2026 11:30,193.6
01/22/2026 11:40,131.4
01/22/2026 11:50,123.4
01/22/2026 12:00,181.6
01/22/2026 12:10,152.6
01/22/2026 12:20,143.9
01/22/2026 12:30,139.1
01/22/2026 12:40,195.8
01/22/2026 12:50,126.7
01/22/2026 13:00,115.0
01/22/2026 13:10,134.5
01/22/2026 13:20,121.4
01/22/2026 13:30,134.3
01/22/2026 13:40,147.9
01/22/2026 13:50,179.3
01/22/2026 14:00,123.2
01/22/2026 14:10,119.6
01/22/2026 14:20,174.4
01/22/2026 14:30,131.1
01/22/2026 14:40,133.2
01/22/2026 14:50,132.6
01/22/2026 15:00,188.8
01/22/2026 15:10,126.7
01/22/2026 15:20,145.2
01/22/2026 15:30,132.6
01/22/2026 15:40,150.9
01/22/2026 15:50,194.5
01/22/2026 16:00,148.5
01/22/2026 16:10,116.8
01/22/2026 16:20,194.2
01/22/2026 16:30,103.9
01/22/2026 16:40,170.4
01/22/2026 16:50,125.8
01/22/2026 17:00,130.5
01/22/2026 17:10,124.1
01/22/2026 17:20,111.8
01/22/2026 17:30,146.6
01/22/2026 17:40,120.1
01/22/2026 17:50,129.4
01/22/2026 18:00,167.9
01/22/2026 18:10,158.6
01/22/2026 18:20,143.3
01/22/2026 18:30,107.5
01/22/2026 18:40,125.0
01/22/2026 18:50,124.7
01/22/2026 19:00,115.3
01/22/2026 19:10,158.2
01/22/2026 19:20,168.9
01/22/2026 19:30,175.8
01/22/2026 19:40,110.2
01/22/2026 19:50,159.9
01/22/2026 20:00,123.9
01/22/2026 20:10,101.3
01/22/2026 20:20,112.7
01/22/2026 20:30,155.7
01/22/2026 20:40,135.8
01/22/2026 20:50,164.8
01/22/2026 21:00,154.7
01/22/2026 21:10,112.8
01/22/2026 21:20,120.9
01/22/2026 21:30,102.8
01/22/2026 21:40,84.8
01/22/2026 21:50,103.2
01/22/2026 22:00,122.4
01/22/2026 22:10,119.1
01/22/2026 22:20,175.0
01/22/2026 22:30,124.1
01/22/2026 22:40,85.3
01/22/2026 22:50,103.8
01/22/2026 23:00,94.2
01/22/2026 23:10,107.6
01/22/2026 23:20,115.5
01/22/2026 23:30,90.7
01/22/2026 23:40,95.7
01/22/2026 23:50,109.1
01/23/2026 00:00,114.8
01/23/2026 00:10,94.6
01/23/2026 00:20,118.8
01/23/2026 00:30,105.8
01/23/2026 00:40,100.8
01/23/2026 00:50,91.6
01/23/2026 01:00,110.4
01/23/2026 01:10,106.0
01/23/2026 01:20,113.5
01/23/2026 01:30,94.9
01/23/2026 01:40,91.1
01/23/2026 01:50,93.2
01/23/2026 02:00,80.6
01/23/2026 02:10,106.9
01/23/2026 02:20,117.5
01/23/2026 02:30,97.1
01/23/2026 02:40,102.6
01/23/2026 02:50,103.9
01/23/2026 03:00,96.8
01/23/2026 03:10,93.7
01/23/2026 03:20,149.8
01/23/2026 03:30,113.3
01/23/2026 03:40,100.7
01/23/2026 03:50,110.3
01/23/2026 04:00,108.9
01/23/2026 04:10,104.7
01/23/2026 04:20,104.1
01/23/2026 04:30,123.5
01/23/2026 04:40,148.5
01/23/2026 04:50,136.7
01/23/2026 05:00,106.3
01/23/2026 05:10,133.1
01/23/2026 05:20,126.4
01/23/2026 05:30,129.7
01/23/2026 05:40,115.0
01/23/2026 05:50,132.6
01/23/2026 06:00,156.3
01/23/2026 06:10,123.5
01/23/2026 06:20,175.1
01/23/2026 06:30,127.4
01/23/2026 06:40,115.4
01/23/2026 06:50,179.7
01/23/2026 07:00,153.2
01/23/2026 07:10,137.1
01/23/2026 07:20,150.6
01/23/2026 07:30,134.9
01/23/2026 07:40,124.3
01/23/2026 07:50,163.4
01/23/2026 08:00,105.3
01/23/2026 08:10,181.2
01/23/2026 08:20,138.9
01/23/2026 08:30,105.6
01/23/2026 08:40,140.6
01/23/2026 08:50,147.8
01/23/2026 09:00,120.2
01/23/2026 09:10,121.7
01/23/2026 09:20,159.5
01/23/2026 09:30,191.6
01/23/2026 09:40,120.1
01/23/2026 09:50,113.0
01/23/2026 10:00,128.8
01/23/2026 10:10,159.0
01/23/2026 10:20,145.8
01/23/2026 10:30,138.5
01/23/2026 10:40,168.9
01/23/2026 10:50,151.4
01/23/2026 11:00,137.7
01/23/2026 11:10,130.6
01/23/2026 11:20,120.1
01/23/2026 11:30,191.3
01/23/2026 11:40,131.5
01/23/2026 11:50,127.7
01/23/2026 12:00,123.5
01/23/2026 12:10,128.1
01/23/2026 12:20,137.1
01/23/2026 12:30,133.6
01/23/2026 12:40,147.1
01/23/2026 12:50,128.7
01/23/2026 13:00,155.1
01/23/2026 13:10,145.6
01/23/2026 13:20,150.4
01/23/2026 13:30,140.3
01/23/2026 13:40,118.7
01/23/2026 13:50,134.4
01/23/2026 14:00,122.5
01/23/2026 14:10,155.9
01/23/2026 14:20,175.3
01/23/2026 14:30,144.4
01/23/2026 14:40,167.8
01/23/2026 14:50,143.9
01/23/2026 15:00,182.0
01/23/2026 15:10,192.3
01/23/2026 15:20,125.0
01/23/2026 15:30,164.9
01/23/2026 15:40,137.1
01/23/2026 15:50,141.4
01/23/2026 16:00,93.5
01/23/2026 16:10,131.3
01/23/2026 16:20,111.4
01/23/2026 16:30,138.2
01/23/2026 16:40,148.2
01/23/2026 16:50,113.8
01/23/2026 17:00,109.1
01/23/2026 17:10,102.5
01/23/2026 17:20,118.4
01/23/2026 17:30,127.4
01/23/2026 17:40,118.3
01/23/2026 17:50,107.0
01/23/2026 18:00,108.9
01/23/2026 18:10,174.2
01/23/2026 18:20,126.5
01/23/2026 18:30,155.8
01/23/2026 18:40,107.3
01/23/2026 18:50,111.4
01/23/2026 19:00,108.7
01/23/2026 19:10,113.7
01/23/2026 19:20,107.6
01/23/2026 19:30,102.4
01/23/2026 19:40,114.0
01/23/2026 19:50,122.2
01/23/2026 20:00,107.6
01/23/2026 20:10,99.1
01/23/2026 20:20,132.0
01/23/2026 20:30,152.6
01/23/2026 20:40,122.8
01/23/2026 20:50,86.4
01/23/2026 21:00,101.7
01/23/2026 21:10,121.3
01/23/2026 21:20,107.8
01/23/2026 21:30,150.0
01/23/2026 21:40,113.8
01/23/2026 21:50,98.6
01/23/2026 22:00,108.2
01/23/2026 22:10,94.3
01/23/2026 22:20,99.3
01/23/2026 22:30,90.4
01/23/2026 22:40,92.8
01/23/2026 22:50,178.3
01/23/2026 23:00,103.5
01/23/2026 23:10,108.7
01/23/2026 23:20,105.2
01/23/2026 23:30,82.8
01/23/2026 23:40,110.5
01/23/2026 23:50,99.7
01/24/2026 00:00,128.9
01/24/2026 00:10,151.7
01/24/2026 00:20,90.0
01/24/2026 00:30,99.9
01/24/2026 00:40,100.8
01/24/2026 00:50,101.3
01/24/2026 01:00,95.9
01/24/2026 01:10,66.2
01/24/2026 01:20,165.6
01/24/2026 01:30,127.6
01/24/2026 01:40,108.8
01/24/2026 01:50,146.6
01/24/2026 02:00,109.5
01/24/2026 02:10,103.9
01/24/2026 02:20,122.3
01/24/2026 02:30,91.7
01/24/2026 02:40,95.8
01/24/2026 02:50,103.5
01/24/2026 03:00,113.1
01/24/2026 03:10,106.5
01/24/2026 03:20,118.9
01/24/2026 03:30,114.0
01/24/2026 03:40,115.7
01/24/2026 03:50,116.7
01/24/2026 04:00,116.2
01/24/2026 04:10,96.8
01/24/2026 04:20,92.3
01/24/2026 04:30,114.9
01/24/2026 04:40,117.9
01/24/2026 04:50,180.5
01/24/2026 05:00,132.2
01/24/2026 05:10,106.8
01/24/2026 05:20,129.2
01/24/2026 05:30,169.4
01/24/2026 05:40,107.4
01/24/2026 05:50,123.7
01/24/2026 06:00,125.9
01/24/2026 06:10,146.8
01/24/2026 06:20,129.1
01/24/2026 06:30,122.7
01/24/2026 06:40,136.8
01/24/2026 06:50,139.5
01/24/2026 07:00,142.1
01/24/2026 07:10,116.0
01/24/2026 07:20,167.1
01/24/2026 07:30,148.4
01/24/2026 07:40,123.9
01/24/2026 07:50,130.6
01/24/2026 08:00,201.5
01/24/2026 08:10,164.6
01/24/2026 08:20,142.5
01/24/2026 08:30,126.9
01/24/2026 08:40,106.9
01/24/2026 08:50,156.9
01/24/2026 09:00,135.8
01/24/2026 09:10,145.2
01/24/2026 09:20,144.9
01/24/2026 09:30,126.8
01/24/2026 09:40,121.3
01/24/2026 09:50,95.8
01/24/2026 10:00,127.5
01/24/2026 10:10,139.0
01/24/2026 10:20,146.6
01/24/2026 10:30,157.1
01/24/2026 10:40,153.4
01/24/2026 10:50,141.4
01/24/2026 11:00,159.2
01/24/2026 11:10,145.8
01/24/2026 11:20,140.8
01/24/2026 11:30,131.5
01/24/2026 11:40,158.7
01/24/2026 11:50,124.0
01/24/2026 12:00,153.0
01/24/2026 12:10,136.8
01/24/2026 12:20,135.1
01/24/2026 12:30,131.0
01/24/2026 12:40,180.5
01/24/2026 12:50,183.5
01/24/2026 13:00,101.6
01/24/2026 13:10,136.4
01/24/2026 13:20,134.3
01/24/2026 13:30,138.5
01/24/2026 13:40,170.1
01/24/2026 13:50,157.4
01/24/2026 14:00,121.8
01/24/2026 14:10,113.4
01/24/2026 14:20,123.4
01/24/2026 14:30,141.5
01/24/2026 14:40,143.0
01/24/2026 14:50,115.6
01/24/2026 15:00,150.8
01/24/2026 15:10,180.5
01/24/2026 15:20,145.3
01/24/2026 15:30,175.0
01/24/2026 15:40,132.3
01/24/2026 15:50,116.8
01/24/2026 16:00,158.5
01/24/2026 16:10,177.8
01/24/2026 16:20,94.6
01/24/2026 16:30,141.7
01/24/2026 16:40,138.1
01/24/2026 16:50,137.1
01/24/2026 17:00,110.3
01/24/2026 17:10,130.7
01/24/2026 17:20,110.8
01/24/2026 17:30,146.2
01/24/2026 17:40,87.8
01/24/2026 17:50,117.3
01/24/2026 18:00,133.1
01/24/2026 18:10,114.2
01/24/2026 18:20,100.4
01/24/2026 18:30,138.8
01/24/2026 18:40,112.3
01/24/2026 18:50,104.3
01/24/2026 19:00,120.7
01/24/2026 19:10,133.0
01/24/2026 19:20,125.3
01/24/2026 19:30,132.5
01/24/2026 19:40,119.7
01/24/2026 19:50,127.6
01/24/2026 20:00,136.7
01/24/2026 20:10,119.1
01/24/2026 20:20,131.4
01/24/2026 20:30,108.3
01/24/2026 20:40,135.9
01/24/2026 20:50,190.8
01/24/2026 21:00,104.2
01/24/2026 21:10,149.0
01/24/2026 21:20,178.9
01/24/2026 21:30,80.5
01/24/2026 21:40,92.8
01/24/2026 21:50,110.4
01/24/2026 22:00,115.8
01/24/2026 22:10,92.0
01/24/2026 22:20,120.3
01/24/2026 22:30,122.1
01/24/2026 22:40,133.9
01/24/2026 22:50,107.9
01/24/2026 23:00,92.3
01/24/2026 23:10,106.9
01/24/2026 23:20,93.8
01/24/2026 23:30,113.1
01/24/2026 23:40,127.6
01/24/2026 23:50,101.7
01/25/2026 00:00,94.8
01/25/2026 00:10,113.5
01/25/2026 00:20,107.9
01/25/2026 00:30,115.6
01/25/2026 00:40,105.5
01/25/2026 00:50,118.5
01/25/2026 01:00,98.7
01/25/2026 01:10,99.1
01/25/2026 01:20,115.4
01/25/2026 01:30,106.3
01/25/2026 01:40,105.8
01/25/2026 01:50,121.8
01/25/2026 02:00,112.3
01/25/2026 02:10,107.8
01/25/2026 02:20,143.1
01/25/2026 02:30,111.9
01/25/2026 02:40,104.1
01/25/2026 02:50,91.3
01/25/2026 03:00,79.6
01/25/2026 03:10,181.0
01/25/2026 03:20,108.6
01/25/2026 03:30,138.7
01/25/2026 03:40,113.9
01/25/2026 03:50,172.0
01/25/2026 04:00,111.6
01/25/2026 04:10,131.0
01/25/2026 04:20,109.4
01/25/2026 04:30,160.2
01/25/2026 04:40,98.6
01/25/2026 04:50,96.7
01/25/2026 05:00,120.0
01/25/2026 05:10,108.1
01/25/2026 05:20,147.1
01/25/2026 05:30,160.9
01/25/2026 05:40,108.6
01/25/2026 05:50,142.6
01/25/2026 06:00,157.7
01/25/2026 06:10,112.5
01/25/2026 06:20,89.3
01/25/2026 06:30,132.1
01/25/2026 06:40,110.9
01/25/2026 06:50,135.0
01/25/2026 07:00,118.7
01/25/2026 07:10,123.9
01/25/2026 07:20,149.4
01/25/2026 07:30,166.3
01/25/2026 07:40,156.8
01/25/2026 07:50,133.7
01/25/2026 08:00,115.9
01/25/2026 08:10,142.7
01/25/2026 08:20,151.9
01/25/2026 08:30,136.1
01/25/2026 08:40,122.6
01/25/2026 08:50,131.0
01/25/2026 09:00,132.5
01/25/2026 09:10,135.6
01/25/2026 09:20,128.3
01/25/2026 09:30,152.8
01/25/2026 09:40,142.7
01/25/2026 09:50,137.9
01/25/2026 10:00,138.5
01/25/2026 10:10,131.4
01/25/2026 10:20,120.4
01/25/2026 10:30,142.6
01/25/2026 10:40,187.9
01/25/2026 10:50,147.7
01/25/2026 11:00,135.3
01/25/2026 11:10,189.0
01/25/2026 11:20,132.7
01/25/2026 11:30,173.2
01/25/2026 11:40,127.7
01/25/2026 11:50,156.6
01/25/2026 12:00,172.1
01/25/2026 12:10,123.3
01/25/2026 12:20,131.9
01/25/2026 12:30,146.2
01/25/2026 12:40,132.1
01/25/2026 12:50,149.9
01/25/2026 13:00,143.7
01/25/2026 13:10,139.7
01/25/2026 13:20,129.8
01/25/2026 13:30,147.9
01/25/2026 13:40,136.3
01/25/2026 13:50,112.3
01/25/2026 14:00,132.4
01/25/2026 14:10,122.9
01/25/2026 14:20,144.1
01/25/2026 14:30,148.3
01/25/2026 14:40,136.8
01/25/2026 14:50,120.4
01/25/2026 15:00,140.5
01/25/2026 15:10,121.8
01/25/2026 15:20,170.9
01/25/2026 15:30,146.0
01/25/2026 15:40,133.8
01/25/2026 15:50,120.5
01/25/2026 16:00,133.5
01/25/2026 16:10,117.6
01/25/2026 16:20,126.8
01/25/2026 16:30,152.4
01/25/2026 16:40,113.2
01/25/2026 16:50,143.8
01/25/2026 17:00,161.3
01/25/2026 17:10,88.4
01/25/2026 17:20,133.3
01/25/2026 17:30,132.3
01/25/2026 17:40,122.4
01/25/2026 17:50,144.1
01/25/2026 18:00,94.3
01/25/2026 18:10,132.3
01/25/2026 18:20,130.5
01/25/2026 18:30,116.3
01/25/2026 18:40,167.7
01/25/2026 18:50,110.9
01/25/2026 19:00,134.6
01/25/2026 19:10,173.7
01/25/2026 19:20,71.9
01/25/2026 19:30,152.6
01/25/2026 19:40,151.4
01/25/2026 19:50,190.2
01/25/2026 20:00,97.5
01/25/2026 20:10,135.8
01/25/2026 20:20,106.1
01/25/2026 20:30,87.9
01/25/2026 20:40,165.3
01/25/2026 20:50,107.7
01/25/2026 21:00,150.0
01/25/2026 21:10,156.9
01/25/2026 21:20,119.5
01/25/2026 21:30,98.8
01/25/2026 21:40,100.4
01/25/2026 21:50,109.6
01/25/2026 22:00,141.0
01/25/2026 22:10,118.4
01/25/2026 22:20,103.0
01/25/2026 22:30,173.6
01/25/2026 22:40,121.7
01/25/2026 22:50,123.6
01/25/2026 23:00,103.6
01/25/2026 23:10,82.5
01/25/2026 23:20,92.7
01/25/2026 23:30,148.2
01/25/2026 23:40,106.8
01/25/2026 23:50,111.4
01/26/2026 00:00,107.6
01/26/2026 00:10,108.0
01/26/2026 00:20,138.2
01/26/2026 00:30,128.0
01/26/2026 00:40,100.1
01/26/2026 00:50,95.1
01/26/2026 01:00,99.7
01/26/2026 01:10,89.6
01/26/2026 01:20,104.0
01/26/2026 01:30,122.2
01/26/2026 01:40,110.0
01/26/2026 01:50,105.8
01/26/2026 02:00,92.1
01/26/2026 02:10,129.7
01/26/2026 02:20,103.2
01/26/2026 02:30,119.6
01/26/2026 02:40,123.9
01/26/2026 02:50,132.2
01/26/2026 03:00,100.8
01/26/2026 03:10,126.5
01/26/2026 03:20,167.3
01/26/2026 03:30,97.6
01/26/2026 03:40,127.6
01/26/2026 03:50,108.7
01/26/2026 04:00,109.1
01/26/2026 04:10,144.8
01/26/2026 04:20,122.3
01/26/2026 04:30,105.3
01/26/2026 04:40,109.3
01/26/2026 04:50,177.8
01/26/2026 05:00,142.8
01/26/2026 05:10,134.5
01/26/2026 05:20,136.2
01/26/2026 05:30,119.3
01/26/2026 05:40,130.6
01/26/2026 05:50,105.4
01/26/2026 06:00,112.4
01/26/2026 06:10,109.0
01/26/2026 06:20,154.6
01/26/2026 06:30,172.4
01/26/2026 06:40,113.8
01/26/2026 06:50,108.2
01/26/2026 07:00,125.9
01/26/2026 07:10,115.1
01/26/2026 07:20,143.8
01/26/2026 07:30,157.2
01/26/2026 07:40,122.4
01/26/2026 07:50,114.6
01/26/2026 08:00,127.0
01/26/2026 08:10,138.5
01/26/2026 08:20,119.0
01/26/2026 08:30,91.1
01/26/2026 08:40,134.5
01/26/2026 08:50,153.9
01/26/2026 09:00,205.3
01/26/2026 09:10,133.0
01/26/2026 09:20,130.0
01/26/2026 09:30,129.9
01/26/2026 09:40,108.5
01/26/2026 09:50,134.7
01/26/2026 10:00,126.0
01/26/2026 10:10,101.6
01/26/2026 10:20,148.5
01/26/2026 10:30,158.4
01/26/2026 10:40,138.2
01/26/2026 10:50,143.3
01/26/2026 11:00,139.6
01/26/2026 11:10,152.2
01/26/2026 11:20,127.3
01/26/2026 11:30,143.7
01/26/2026 11:40,116.0
01/26/2026 11:50,126.9
01/26/2026 12:00,143.7
01/26/2026 12:10,123.6
01/26/2026 12:20,161.6
01/26/2026 12:30,144.4
01/26/2026 12:40,130.6
01/26/2026 12:50,146.5
01/26/2026 13:00,171.0
01/26/2026 13:10,157.8
01/26/2026 13:20,183.1
01/26/2026 13:30,146.2
01/26/2026 13:40,142.8
01/26/2026 13:50,118.7
01/26/2026 14:00,132.1
01/26/2026 14:10,126.5
01/26/2026 14:20,113.2
01/26/2026 14:30,139.8
01/26/2026 14:40,113.1
01/26/2026 14:50,145.4
01/26/2026 15:00,108.2
01/26/2026 15:10,163.2
01/26/2026 15:20,119.8
01/26/2026 15:30,124.2
01/26/2026 15:40,137.3
01/26/2026 15:50,94.9
01/26/2026 16:00,174.7
01/26/2026 16:10,114.1
01/26/2026 16:20,110.3
01/26/2026 16:30,129.5
01/26/2026 16:40,126.9
01/26/2026 16:50,119.7
01/26/2026 17:00,113.4
01/26/2026 17:10,135.1
01/26/2026 17:20,102.6
01/26/2026 17:30,125.5
01/26/2026 17:40,124.8
01/26/2026 17:50,137.6
01/26/2026 18:00,129.0
01/26/2026 18:10,121.1
01/26/2026 18:20,120.5
01/26/2026 18:30,128.4
01/26/2026 18:40,128.8
01/26/2026 18:50,98.6
01/26/2026 19:00,135.1
01/26/2026 19:10,118.6
01/26/2026 19:20,120.9
01/26/2026 19:30,109.6
01/26/2026 19:40,111.6
01/26/2026 19:50,114.7
01/26/2026 20:00,116.7
01/26/2026 20:10,100.3
01/26/2026 20:20,86.3
01/26/2026 20:30,120.7
01/26/2026 20:40,129.9
01/26/2026 20:50,112.3
01/26/2026 21:00,126.4
01/26/2026 21:10,148.8
01/26/2026 21:20,129.5
01/26/2026 21:30,112.6
01/26/2026 21:40,121.3
01/26/2026 21:50,100.0
01/26/2026 22:00,110.9
01/26/2026 22:10,146.4
01/26/2026 22:20,107.3
01/26/2026 22:30,149.5
01/26/2026 22:40,143.7
01/26/2026 22:50,86.1
01/26/2026 23:00,126.9
01/26/2026 23:10,163.7
01/26/2026 23:20,122.0
01/26/2026 23:30,91.4
01/26/2026 23:40,105.3
01/26/2026 23:50,92.8
01/27/2026 00:00,119.1
01/27/2026 00:10,109.5
01/27/2026 00:20,85.1
01/27/2026 00:30,144.5
01/27/2026 00:40,104.4
01/27/2026 00:50,108.7
01/27/2026 01:00,123.2
01/27/2026 01:10,117.3
01/27/2026 01:20,127.5
01/27/2026 01:30,111.1
01/27/2026 01:40,90.2
01/27/2026 01:50,133.3
01/27/2026 02:00,102.5
01/27/2026 02:10,107.1
01/27/2026 02:20,121.9
01/27/2026 02:30,180.0
01/27/2026 02:40,117.8
01/27/2026 02:50,99.1
01/27/2026 03:00,128.2
01/27/2026 03:10,78.8
01/27/2026 03:20,110.1
01/27/2026 03:30,127.5
01/27/2026 03:40,116.2
01/27/2026 03:50,139.7
01/27/2026 04:00,151.6
01/27/2026 04:10,109.4
01/27/2026 04:20,100.5
01/27/2026 04:30,137.2
01/27/2026 04:40,121.7
01/27/2026 04:50,152.6
01/27/2026 05:00,135.6
01/27/2026 05:10,131.6
01/27/2026 05:20,134.4
01/27/2026 05:30,122.7
01/27/2026 05:40,121.7
01/27/2026 05:50,108.4
01/27/2026 06:00,156.1
01/27/2026 06:10,129.9
01/27/2026 06:20,114.5
01/27/2026 06:30,107.6
01/27/2026 06:40,153.0
01/27/2026 06:50,145.0
01/27/2026 07:00,111.5
01/27/2026 07:10,145.4
01/27/2026 07:20,133.2
01/27/2026 07:30,113.3
01/27/2026 07:40,133.1
01/27/2026 07:50,122.8
01/27/2026 08:00,140.0
01/27/2026 08:10,142.8
01/27/2026 08:20,114.4
01/27/2026 08:30,135.5
01/27/2026 08:40,157.1
01/27/2026 08:50,130.5
01/27/2026 09:00,130.8
01/27/2026 09:10,182.8
01/27/2026 09:20,148.8
01/27/2026 09:30,133.0
01/27/2026 09:40,147.0
01/27/2026 09:50,128.0
01/27/2026 10:00,130.4
01/27/2026 10:10,126.0
01/27/2026 10:20,138.8
01/27/2026 10:30,122.3
01/27/2026 10:40,124.3
01/27/2026 10:50,116.9
01/27/2026 11:00,186.3
01/27/2026 11:10,146.9
01/27/2026 11:20,132.2
01/27/2026 11:30,123.6
01/27/2026 11:40,127.1
01/27/2026 11:50,124.4
01/27/2026 12:00,127.2
01/27/2026 12:10,147.9
01/27/2026 12:20,136.7
01/27/2026 12:30,135.1
01/27/2026 12:40,133.9
01/27/2026 12:50,147.1
01/27/2026 13:00,142.3
01/27/2026 13:10,128.4
01/27/2026 13:20,132.0
01/27/2026 13:30,132.9
01/27/2026 13:40,128.9
01/27/2026 13:50,188.1
01/27/2026 14:00,163.4
01/27/2026 14:10,132.6
01/27/2026 14:20,135.3
01/27/2026 14:30,168.6
01/27/2026 14:40,126.5
01/27/2026 14:50,161.1
01/27/2026 15:00,201.2
01/27/2026 15:10,165.3
01/27/2026 15:20,143.1
01/27/2026 15:30,101.0
01/27/2026 15:40,166.0
01/27/2026 15:50,133.0
01/27/2026 16:00,115.1
01/27/2026 16:10,117.4
01/27/2026 16:20,119.1
01/27/2026 16:30,174.7
01/27/2026 16:40,129.7
01/27/2026 16:50,111.3
01/27/2026 17:00,127.7
01/27/2026 17:10,116.5
01/27/2026 17:20,132.0
01/27/2026 17:30,118.6
01/27/2026 17:40,162.5
01/27/2026 17:50,137.7
01/27/2026 18:00,116.9
01/27/2026 18:10,126.5
01/27/2026 18:20,120.2
01/27/2026 18:30,119.0
01/27/2026 18:40,104.1
01/27/2026 18:50,98.8
01/27/2026 19:00,116.5
01/27/2026 19:10,125.1
01/27/2026 19:20,133.8
01/27/2026 19:30,117.0
01/27/2026 19:40,124.6
01/27/2026 19:50,132.8
01/27/2026 20:00,114.5
01/27/2026 20:10,127.0
01/27/2026 20:20,111.8
01/27/2026 20:30,123.6
01/27/2026 20:40,108.8
01/27/2026 20:50,118.0
01/27/2026 21:00,98.6
01/27/2026 21:10,146.6
01/27/2026 21:20,103.7
01/27/2026 21:30,118.4
01/27/2026 21:40,106.4
01/27/2026 21:50,113.8
01/27/2026 22:00,100.2
01/27/2026 22:10,126.4
01/27/2026 22:20,97.6
01/27/2026 22:30,91.6
01/27/2026 22:40,95.1
01/27/2026 22:50,123.3
01/27/2026 23:00,129.2
01/27/2026 23:10,91.0
01/27/2026 23:20,106.9
01/27/2026 23:30,95.1
01/27/2026 23:40,112.4
01/27/2026 23:50,102.6
01/28/2026 00:00,101.7
01/28/2026 00:10,99.3
01/28/2026 00:20,118.8
01/28/2026 00:30,147.0
01/28/2026 00:40,109.7
01/28/2026 00:50,90.3
01/28/2026 01:00,124.3
01/28/2026 01:10,91.1
01/28/2026 01:20,98.3
01/28/2026 01:30,155.8
01/28/2026 01:40,77.1
01/28/2026 01:50,113.4
01/28/2026 02:00,84.6
01/28/2026 02:10,153.3
01/28/2026 02:20,110.1
01/28/2026 02:30,115.9
01/28/2026 02:40,101.2
01/28/2026 02:50,112.2
01/28/2026 03:00,140.9
01/28/2026 03:10,123.0
01/28/2026 03:20,103.5
01/28/2026 03:30,98.1
01/28/2026 03:40,125.4
01/28/2026 03:50,135.9
01/28/2026 04:00,109.7
01/28/2026 04:10,89.5
01/28/2026 04:20,102.4
01/28/2026 04:30,95.0
01/28/2026 04:40,110.6
01/28/2026 04:50,114.2
01/28/2026 05:00,127.8
01/28/2026 05:10,122.1
01/28/2026 05:20,105.9
01/28/2026 05:30,142.6
01/28/2026 05:40,134.2
01/28/2026 05:50,154.4
01/28/2026 06:00,136.4
01/28/2026 06:10,144.6
01/28/2026 06:20,185.5
01/28/2026 06:30,92.8
01/28/2026 06:40,89.7
01/28/2026 06:50,126.9
01/28/2026 07:00,138.0
01/28/2026 07:10,125.2
01/28/2026 07:20,122.3
01/28/2026 07:30,136.6
01/28/2026 07:40,130.6
01/28/2026 07:50,152.6
01/28/2026 08:00,140.9
01/28/2026 08:10,134.1
01/28/2026 08:20,118.4
01/28/2026 08:30,124.2
01/28/2026 08:40,142.1
01/28/2026 08:50,135.7
01/28/2026 09:00,147.1
01/28/2026 09:10,122.3
01/28/2026 09:20,125.3
01/28/2026 09:30,151.1
01/28/2026 09:40,175.6
01/28/2026 09:50,105.2
01/28/2026 10:00,182.9
01/28/2026 10:10,136.8
01/28/2026 10:20,140.2
01/28/2026 10:30,134.0
01/28/2026 10:40,146.0
01/28/2026 10:50,118.9
01/28/2026 11:00,146.3
01/28/2026 11:10,154.2
01/28/2026 11:20,115.2
01/28/2026 11:30,144.7
01/28/2026 11:40,130.8
01/28/2026 11:50,131.2
01/28/2026 12:00,125.1
01/28/2026 12:10,145.1
01/28/2026 12:20,143.9
01/28/2026 12:30,175.0
01/28/2026 12:40,185.3
01/28/2026 12:50,172.8
01/28/2026 13:00,105.8
01/28/2026 13:10,124.2
01/28/2026 13:20,134.0
01/28/2026 13:30,132.3
01/28/2026 13:40,122.3
01/28/2026 13:50,132.0
01/28/2026 14:00,143.8
01/28/2026 14:10,136.3
01/28/2026 14:20,137.9
01/28/2026 14:30,134.7
01/28/2026 14:40,141.1
01/28/2026 14:50,132.8
01/28/2026 15:00,139.1
01/28/2026 15:10,134.0
01/28/2026 15:20,167.4
01/28/2026 15:30,115.1
01/28/2026 15:40,96.4
01/28/2026 15:50,150.9
01/28/2026 16:00,129.4
01/28/2026 16:10,129.7
01/28/2026 16:20,123.2
01/28/2026 16:30,136.5
01/28/2026 16:40,140.1
01/28/2026 16:50,179.5
01/28/2026 17:00,112.4
01/28/2026 17:10,127.2
01/28/2026 17:20,131.7
01/28/2026 17:30,178.5
01/28/2026 17:40,178.6
01/28/2026 17:50,114.7
01/28/2026 18:00,122.7
01/28/2026 18:10,117.3
01/28/2026 18:20,139.0
01/28/2026 18:30,131.3
01/28/2026 18:40,133.9
01/28/2026 18:50,106.1
01/28/2026 19:00,101.1
01/28/2026 19:10,170.8
01/28/2026 19:20,119.5
01/28/2026 19:30,144.8
01/28/2026 19:40,102.8
01/28/2026 19:50,107.6
01/28/2026 20:00,130.7
01/28/2026 20:10,84.7
01/28/2026 20:20,120.1
01/28/2026 20:30,127.2
01/28/2026 20:40,122.9
01/28/2026 20:50,163.2
01/28/2026 21:00,118.0
01/28/2026 21:10,114.4
01/28/2026 21:20,113.2
01/28/2026 21:30,162.5
01/28/2026 21:40,87.0
01/28/2026 21:50,112.7
01/28/2026 22:00,116.7
01/28/2026 22:10,113.1
01/28/2026 22:20,121.3
01/28/2026 22:30,150.0
01/28/2026 22:40,161.2
01/28/2026 22:50,124.2
01/28/2026 23:00,79.3
01/28/2026 23:10,158.3
01/28/2026 23:20,115.1
01/28/2026 23:30,107.9
01/28/2026 23:40,100.7
01/28/2026 23:50,100.7
01/29/2026 00:00,96.0
01/29/2026 00:10,115.4
01/29/2026 00:20,109.1
01/29/2026 00:30,117.5
01/29/2026 00:40,148.3
01/29/2026 00:50,141.2
01/29/2026 01:00,118.9
01/29/2026 01:10,114.2
01/29/2026 01:20,103.4
01/29/2026 01:30,108.2
01/29/2026 01:40,107.9
01/29/2026 01:50,112.6
01/29/2026 02:00,92.8
01/29/2026 02:10,165.0
01/29/2026 02:20,103.7
01/29/2026 02:30,117.2
01/29/2026 02:40,96.5
01/29/2026 02:50,117.8
01/29/2026 03:00,137.4
01/29/2026 03:10,103.3
01/29/2026 03:20,154.0
01/29/2026 03:30,102.5
01/29/2026 03:40,157.8
01/29/2026 03:50,128.2
01/29/2026 04:00,103.3
01/29/2026 04:10,146.7
01/29/2026 04:20,167.9
01/29/2026 04:30,123.6
01/29/2026 04:40,118.7
01/29/2026 04:50,121.7
01/29/2026 05:00,117.3
01/29/2026 05:10,116.8
01/29/2026 05:20,160.3
01/29/2026 05:30,151.9
01/29/2026 05:40,142.2
01/29/2026 05:50,116.2
01/29/2026 06:00,138.0
01/29/2026 06:10,128.3
01/29/2026 06:20,110.0
01/29/2026 06:30,116.6
01/29/2026 06:40,110.1
01/29/2026 06:50,116.8
01/29/2026 07:00,121.7
01/29/2026 07:10,125.5
01/29/2026 07:20,151.0
01/29/2026 07:30,186.1
01/29/2026 07:40,175.2
01/29/2026 07:50,121.5
01/29/2026 08:00,113.9
01/29/2026 08:10,135.9
01/29/2026 08:20,132.4
01/29/2026 08:30,129.6
01/29/2026 08:40,128.4
01/29/2026 08:50,177.4
01/29/2026 09:00,138.0
01/29/2026 09:10,156.4
01/29/2026 09:20,150.5
01/29/2026 09:30,128.9
01/29/2026 09:40,113.7
01/29/2026 09:50,121.3
01/29/2026 10:00,113.7
01/29/2026 10:10,105.1
01/29/2026 10:20,154.8
01/29/2026 10:30,187.6
01/29/2026 10:40,145.0
01/29/2026 10:50,134.8
01/29/2026 11:00,126.9
01/29/2026 11:10,146.0
01/29/2026 11:20,123.1
01/29/2026 11:30,141.8
01/29/2026 11:40,132.4
01/29/2026 11:50,134.3
01/29/2026 12:00,154.1
01/29/2026 12:10,121.8
01/29/2026 12:20,134.7
01/29/2026 12:30,146.0
01/29/2026 12:40,151.0
01/29/2026 12:50,129.2
01/29/2026 13:00,159.3
01/29/2026 13:10,144.0
01/29/2026 13:20,153.8
01/29/2026 13:30,138.4
01/29/2026 13:40,135.4
01/29/2026 13:50,127.7
01/29/2026 14:00,164.6
01/29/2026 14:10,131.6
01/29/2026 14:20,152.6
01/29/2026 14:30,135.8
01/29/2026 14:40,145.5
01/29/2026 14:50,122.9
01/29/2026 15:00,106.4
01/29/2026 15:10,131.0
01/29/2026 15:20,114.3
01/29/2026 15:30,143.6
01/29/2026 15:40,120.8
01/29/2026 15:50,122.2
01/29/2026 16:00,122.0
01/29/2026 16:10,121.4
01/29/2026 16:20,149.3
01/29/2026 16:30,196.0
01/29/2026 16:40,167.1
01/29/2026 16:50,124.9
01/29/2026 17:00,133.6
01/29/2026 17:10,121.2
01/29/2026 17:20,99.6
01/29/2026 17:30,137.1
01/29/2026 17:40,130.9
01/29/2026 17:50,103.8
01/29/2026 18:00,103.1
01/29/2026 18:10,162.5
01/29/2026 18:20,114.4
01/29/2026 18:30,85.0
01/29/2026 18:40,92.2
01/29/2026 18:50,114.8
01/29/2026 19:00,120.3
01/29/2026 19:10,184.7
01/29/2026 19:20,113.2
01/29/2026 19:30,109.3
01/29/2026 19:40,183.3
01/29/2026 19:50,169.7
01/29/2026 20:00,123.7
01/29/2026 20:10,114.4
01/29/2026 20:20,116.7
01/29/2026 20:30,120.7
01/29/2026 20:40,128.3
01/29/2026 20:50,101.1
01/29/2026 21:00,144.7
01/29/2026 21:10,150.0
01/29/2026 21:20,104.8
01/29/2026 21:30,98.5
01/29/2026 21:40,113.5
01/29/2026 21:50,103.9
01/29/2026 22:00,156.6
01/29/2026 22:10,140.8
01/29/2026 22:20,135.1
01/29/2026 22:30,148.2
01/29/2026 22:40,105.7
01/29/2026 22:50,102.4
01/29/2026 23:00,142.3
01/29/2026 23:10,108.1
01/29/2026 23:20,82.8
01/29/2026 23:30,135.0
01/29/2026 23:40,90.3
01/29/2026 23:50,160.2
01/30/2026 00:00,161.6
01/30/2026 00:10,96.1
01/30/2026 00:20,93.3
01/30/2026 00:30,95.7
01/30/2026 00:40,126.2
01/30/2026 00:50,90.3
01/30/2026 01:00,70.4
01/30/2026 01:10,122.2
01/30/2026 01:20,95.7
01/30/2026 01:30,119.0
01/30/2026 01:40,106.0
01/30/2026 01:50,94.9
01/30/2026 02:00,125.5
01/30/2026 02:10,108.5
01/30/2026 02:20,98.5
01/30/2026 02:30,104.7
01/30/2026 02:40,103.5
01/30/2026 02:50,115.3
01/30/2026 03:00,128.3
01/30/2026 03:10,114.4
01/30/2026 03:20,96.3
01/30/2026 03:30,170.6
01/30/2026 03:40,109.9
01/30/2026 03:50,164.2
01/30/2026 04:00,132.9
01/30/2026 04:10,122.6
01/30/2026 04:20,98.4
01/30/2026 04:30,109.0
01/30/2026 04:40,113.0
01/30/2026 04:50,149.6
01/30/2026 05:00,135.2
01/30/2026 05:10,128.0
01/30/2026 05:20,168.2
01/30/2026 05:30,150.2
01/30/2026 05:40,125.2
01/30/2026 05:50,118.7
01/30/2026 06:00,115.3
01/30/2026 06:10,126.3
01/30/2026 06:20,130.2
01/30/2026 06:30,118.0
01/30/2026 06:40,124.9
01/30/2026 06:50,120.2
01/30/2026 07:00,131.0
01/30/2026 07:10,146.8
01/30/2026 07:20,106.6
01/30/2026 07:30,129.8
01/30/2026 07:40,141.0
01/30/2026 07:50,137.0
01/30/2026 08:00,133.0
01/30/2026 08:10,122.3
01/30/2026 08:20,137.9
01/30/2026 08:30,134.3
01/30/2026 08:40,130.2
01/30/2026 08:50,136.3
01/30/2026 09:00,113.1
01/30/2026 09:10,118.1
01/30/2026 09:20,168.7
01/30/2026 09:30,130.9
01/30/2026 09:40,137.8
01/30/2026 09:50,141.1
01/30/2026 10:00,111.4
01/30/2026 10:10,184.9
01/30/2026 10:20,130.1
01/30/2026 10:30,121.1
01/30/2026 10:40,136.4
01/30/2026 10:50,148.3
01/30/2026 11:00,187.6
01/30/2026 11:10,117.1
01/30/2026 11:20,131.3
01/30/2026 11:30,197.8
01/30/2026 11:40,118.8
01/30/2026 11:50,130.5
01/30/2026 12:00,138.6
01/30/2026 12:10,125.7
01/30/2026 12:20,109.1
01/30/2026 12:30,106.6
01/30/2026 12:40,143.3
01/30/2026 12:50,142.1
01/30/2026 13:00,137.4
01/30/2026 13:10,97.6
01/30/2026 13:20,170.5
01/30/2026 13:30,151.4
01/30/2026 13:40,122.6
01/30/2026 13:50,147.5
01/30/2026 14:00,126.0
01/30/2026 14:10,139.7
01/30/2026 14:20,164.2
01/30/2026 14:30,130.9
01/30/2026 14:40,124.3
01/30/2026 14:50,132.5
01/30/2026 15:00,123.8
01/30/2026 15:10,145.3
01/30/2026 15:20,105.2
01/30/2026 15:30,115.7
01/30/2026 15:40,125.2
01/30/2026 15:50,178.0
01/30/2026 16:00,133.3
01/30/2026 16:10,166.3
01/30/2026 16:20,120.2
01/30/2026 16:30,98.5
01/30/2026 16:40,124.7
01/30/2026 16:50,117.7
01/30/2026 17:00,131.0
01/30/2026 17:10,160.6
01/30/2026 17:20,122.7
01/30/2026 17:30,104.4
01/30/2026 17:40,117.2
01/30/2026 17:50,104.1
01/30/2026 18:00,143.1
01/30/2026 18:10,123.5
01/30/2026 18:20,101.3
01/30/2026 18:30,157.8
01/30/2026 18:40,101.4
01/30/2026 18:50,133.1
01/30/2026 19:00,124.7
01/30/2026 19:10,121.6
01/30/2026 19:20,91.5
01/30/2026 19:30,170.0
01/30/2026 19:40,94.4
01/30/2026 19:50,156.3
01/30/2026 20:00,110.8
01/30/2026 20:10,155.0
01/30/2026 20:20,123.4
01/30/2026 20:30,135.1
01/30/2026 20:40,90.4
01/30/2026 20:50,155.3
01/30/2026 21:00,92.5
01/30/2026 21:10,114.6
01/30/2026 21:20,102.4
01/30/2026 21:30,106.5
01/30/2026 21:40,137.0
01/30/2026 21:50,98.5
01/30/2026 22:00,93.0
01/30/2026 22:10,101.3
01/30/2026 22:20,124.1
01/30/2026 22:30,117.2
01/30/2026 22:40,126.6
01/30/2026 22:50,106.6
01/30/2026 23:00,110.8
01/30/2026 23:10,109.3
01/30/2026 23:20,93.9
01/30/2026 23:30,92.9
01/30/2026 23:40,123.2
01/30/2026 23:50,109.9
